YearsWithThisDatabase, SalaryUSD 
40,70000
38,110000
33,79500
32,110000
32,39000
32,58000
31,125000
31,87500
30,120000
30,158000
30,53000
30,49620
30,88000
30,84000
30,40000
30,64422
30,105000
30,56000
30,90000
30,100000
30,128500
30,64000
30,75000
30,185000
30,53500
30,116000
30,55000
30,40000
30,115000
30,53000
30,95000
29,142000
29,100000
29,122000
28,60000
28,78000
28,74000
28,44000
28,103000
28,85000
28,100000
27,32237
27,66400
27,85000
27,56500
27,81619
26,66000
26,85000
26,81000
26,148000
26,148000
26,50000
26,87000
26,55000
26,44000
26,115000
25,115000
25,80000
25,130000
25,100000
25,98000
25,100000
25,62000
25,68000
25,117000
25,82500
25,130000
25,50000
25,66660
25,105000
25,30000
25,97500
25,230000
25,54000
25,165000
25,145000
25,115000
25,100000
25,102990
25,135000
25,47000
25,155000
25,95000
25,49000
25,101000
25,83000
25,140000
25,125000
25,57000
25,68000
25,105000
25,80000
25,95000
25,100000
25,150000
25,93500
25,91000
25,77500
25,50000
25,125000
25,92000
25,55000
25,58000
25,67000
25,105000
25,55000
25,60600
25,144000
25,91000
25,70000
25,109000
25,60000
25,64000
25,135000
25,97000
25,62000
25,54000
25,75000
25,55000
25,56000
25,111000
25,120000
25,53580
25,66000
25,57000
25,63000
25,50000
25,33000
25,72000
25,80000
25,73000
25,60000
25,58000
25,110400
25,62000
25,31000
25,100000
25,87000
25,68000
25,145000
25,140000
25,71500
25,80000
25,71500
25,82000
25,75000
25,140000
25,54000
25,105000
25,90000
25,60000
25,103000
25,101
25,65000
25,140000
25,98000
25,165000
25,120000
25,97500
25,65000
25,40000
25,142000
25,75000
25,1
25,130000
25,60000
25,100000
25,81000
25,81000
25,88500
25,42000
24,95000
24,125800
24,55000
24,105000
24,85000
24,116000
24,80000
24,145500
24,100000
24,106500
24,60000
24,60000
24,90000
24,74000
24,80000
24,76000
24,92000
24,79063
24,75000
24,85000
24,95000
24,145000
24,58
24,58
24,110000
24,30000
23,65000
23,80000
23,103000
23,78000
23,67017
23,78000
23,81000
23,71000
23,140000
23,52000
23,140000
23,87600
23,144000
23,60000
23,45000
23,72000
23,146000
23,90000
23,51700
23,57000
23,97700
23,115000
23,77040
23,45000
23,155000
23,52000
23,52500
23,80000
23,160000
23,135500
23,90000
23,95000
23,88000
23,60000
23,83000
23,91000
23,71000
23,85000
23,85000
23,100000
23,75000
23,68000
23,132500
23,68000
23,49000
22,83000
22,112000
22,72000
22,81000
22,72000
22,129000
22,87600
22,140000
22,57000
22,81000
22,66000
22,66000
22,117000
22,99000
22,87000
22,150000
22,94000
22,90000
22,90000
22,50000
22,17000
22,98000
22,140000
22,95000
22,207000
22,85000
22,90000
22,67000
22,9000
22,90000
22,45000
22,80000
22,115500
22,123000
22,85000
22,90000
22,80000
22,90000
22,65000
22,81500
22,64000
22,107500
22,75000
22,60000
22,65000
22,80000
22,165000
22,72500
22,61000
22,122000
22,113000
22,70000
22,65672
22,55000
22,105000
22,83500
22,28800
22,150000
22,55000
22,46820
22,115000
22,155000
22,115000
22,110000
22,127000
22,33000
22,34132
22,80000
22,135000
22,85000
22,60000
22,92500
22,92500
22,110000
22,92500
22,167000
22,90000
22,72165
22,150000
22,32000
22,108000
22,125000
22,110000
22,76000
22,122000
22,106956
22,100000
22,46000
21,70000
21,60000
21,85358
21,70500
21,45600
21,80000
21,80000
21,94000
21,77000
21,2000
21,36000
21,36000
21,58200
21,112000
21,61000
21,148000
21,98000
21,70022
21,92000
21,125400
21,134000
21,55000
21,135000
21,88000
21,36000
21,50000
21,14059
21,115000
21,33000
21,83000
21,125000
21,71400
21,95500
21,137000
21,75000
21,105000
21,94500
21,50000
21,100000
21,134000
21,115000
21,78000
21,95000
21,84000
21,130000
21,98000
21,105000
21,82400
21,55000
21,102000
21,125000
21,72500
21,110000
21,104104
21,140000
21,79000
21,80000
21,115000
21,70000
21,105000
20,120000
20,125000
20,105000
20,90000
20,30000
20,28000
20,65000
20,50000
20,101230
20,143000
20,120000
20,145000
20,57438
20,67000
20,103000
20,100000
20,120000
20,70000
20,66000
20,85000
20,84526
20,12600
20,100000
20,70000
20,76000
20,85000
20,85000
20,100000
20,152000
20,32000
20,75000
20,105000
20,96000
20,22000
20,70000
20,114000
20,80000
20,53000
20,115000
20,135000
20,14000
20,158995
20,150000
20,83000
20,110000
20,80000
20,160000
20,70000
20,95000
20,120000
20,92000
20,105560
20,125000
20,80000
20,143000
20,110000
20,124000
20,70000
20,220000
20,94000
20,28000
20,43000
20,120000
20,80000
20,59100
20,83000
20,81000
20,90000
20,97000
20,129000
20,84000
20,118000
20,95000
20,135000
20,95000
20,110000
20,31000
20,96000
20,95000
20,64000
20,79000
20,108000
20,122645
20,95000
20,125000
20,180000
20,127000
20,121000
20,133360
20,92220
20,95000
20,131000
20,97000
20,103000
20,87000
20,95000
20,137000
20,104000
20,215000
20,115000
20,70000
20,98000
20,98000
20,75000
20,26000
20,51000
20,125000
20,86000
20,65000
20,59800
20,70000
20,18000
20,50342
20,95000
20,36479
20,69000
20,56372
20,95000
20,77000
20,56500
20,98750
20,115000
20,45000
20,155000
20,130000
20,72500
20,14000
20,19933
20,86000
20,76000
20,123000
20,130000
20,85000
20,131000
20,170000
20,175000
20,61538
20,75000
20,12000
20,20000
20,107000
20,65000
20,85000
20,61000
20,45000
20,162000
20,107000
20,166400
20,208000
20,300000
20,78600
20,65000
20,150000
20,85000
20,130000
20,100000
20,80424
20,47000
20,118000
20,73000
20,118000
20,110000
20,132000
20,1850000
20,145000
20,145000
20,74000
20,61500
20,168000
20,82000
20,160000
20,105000
20,125000
20,105000
20,130000
20,100000
20,107000
20,80000
20,95000
20,265000
20,55000
20,140000
20,115000
20,82500
20,220000
20,600000
20,75000
20,135000
20,64000
20,137900
20,103000
20,125000
20,320000
20,115000
20,150000
20,94000
20,85000
20,139000
20,103000
20,82000
20,67200
20,20000
20,320000
20,107000
20,115000
20,120000
20,86612
20,125000
20,120000
20,74000
20,93000
20,125000
20,111000
20,106000
20,180000
20,81000
20,110000
20,60600
20,110000
20,11300
20,40000
20,83000
20,88000
20,30000
20,151000
20,118000
20,150000
20,92000
20,66000
20,125000
20,120000
20,107800
20,26000
20,60000
20,30000
20,85000
20,66493
20,72000
20,90000
20,27380
20,74000
20,37142
20,100000
20,135000
20,100000
20,50000
20,83000
20,60000
20,85000
20,70000
20,105000
20,39100
20,96000
20,51000
20,134000
20,85000
20,123000
20,65000
20,102000
20,56854
20,91000
20,75000
20,200000
20,125000
20,74200
20,132000
20,1631
20,740000
20,60000
20,123500
20,91350
20,133800
20,130000
20,98000
20,103000
20,82000
20,101900
20,39000
20,105000
20,80000
20,30000
20,70000
20,46659
20,96000
20,86000
20,142500
20,92000
20,133000
20,64000
20,99000
20,97000
20,30000
20,92000
20,80500
20,107000
20,125000
20,90000
20,104000
20,49000
20,53700
20,110000
20,73000
20,44000
20,21600
20,100000
20,50000
20,87000
20,44000
20,36060
20,15000
20,64000
20,67000
20,40000
20,18680
20,67000
20,63000
20,105000
20,140000
20,125000
20,160000
20,85000
20,122000
20,97500
20,142500
20,125000
20,145000
20,150000
20,92000
20,130000
20,100000
20,77000
20,143000
20,108000
20,120000
20,150000
20,87000
20,65000
20,130000
20,48000
20,140000
20,199000
20,100000
20,145000
20,100001
20,91000
20,46270
20,45000
20,80000
20,185000
20,94000
20,100000
20,105000
20,144
20,107000
20,110000
20,150000
20,120240
20,92000
20,155000
20,93000
20,92000
20,19000
20,61000
20,76000
20,99500
20,55000
20,121000
20,130000
20,77850
20,70000
20,63000
20,106000
20,92000
20,112500
20,120000
20,102000
20,96000
20,60000
20,114000
20,109000
20,87428
20,100000
20,30000
20,50000
20,85000
20,2200
20,140000
20,144000
20,85000
20,33800
20,40000
20,132000
20,108000
20,30000
20,44000
20,115000
20,153000
20,28000
20,147000
20,130000
20,74750
20,76000
20,113000
20,90000
20,105000
20,110000
20,110000
20,127000
20,68500
20,113000
20,52000
20,150000
20,195000
20,200000
20,141000
20,120000
20,38000
20,120000
20,50316
20,107000
20,60000
20,95000
20,40000
20,34500
20,97000
20,70000
20,90000
20,40000
20,99800
20,76500
20,46800
20,109000
20,75000
20,125000
20,80000
20,120000
20,80753
20,140000
20,54000
20,63300
20,90000
20,70000
20,89000
20,85000
20,95000
20,125000
20,134000
20,138500
20,132000
20,31400
20,86000
20,150000
20,58500
20,72000
20,60000
20,108000
20,85000
20,125000
20,110000
20,260000
20,61000
20,142500
20,90000
20,85000
20,74000
20,108000
20,14109
20,93000
20,67512
20,24000
20,83515
20,60000
20,97000
20,109000
20,48500
20,8000
20,66757
20,64000
20,110000
20,20400
20,140000
20,543000
20,77000
20,123000
20,40000
20,70000
20,106000
20,43000
20,78000
20,57000
20,130000
20,127000
20,10000
20,48659
20,66000
20,145000
20,78000
20,69000
20,33000
20,34500
20,31000
20,66000
20,141000
20,40200
20,63600
20,163000
20,72320
20,70000
20,133333
20,45000
20,40142
20,66000
20,34000
20,53000
20,59000
20,35000
20,62000
20,54000
20,31600
20,447
20,40000
20,34000
20,43945
20,37842
20,38000
20,71310
20,45000
20,59000
20,49745
20,45000
20,55000
20,34320
20,120
20,50000
20,102000
20,45
20,64000
20,72400
20,68697
20,55000
20,65000
20,62000
20,68000
20,83000
20,79000
20,72704
20,58170
20,103000
20,80000
20,102000
20,45000
20,60000
20,71400
20,110000
20,61000
20,79000
20,19000
20,66000
20,85100
20,5000
20,47000
20,33400
20,56000
20,89114
20,62400
20,46800
20,35250
20,132000
20,140000
20,50000
20,70000
20,73000
20,120000
20,120000
20,90000
20,68200
20,90000
20,100000
20,30147
20,41934
20,63000
20,136500
20,12000
20,4500
20,109000
20,107000
20,23000
20,29500
20,22000
20,46000
20,40899
20,125
20,68500
20,100
20,130000
20,84500
20,66000
20,48000
20,110000
20,142000
20,105000
20,22900
20,75000
20,145000
20,145000
20,110000
20,1556
20,132000
20,150000
20,15000
20,76500
20,33000
20,80000
20,134000
20,41000
20,12500
20,67000
20,265000
20,81000
20,90000
20,190000
20,30000
20,72791
20,48000
20,76125
20,90000
20,200000
20,56000
20,60000
20,103000
20,77000
20,113100
20,66000
20,132000
20,50000
20,170000
20,101250
20,85000
20,73000
20,100000
20,400000
20,24000
20,76000
20,153000
20,103000
20,101000
20,115000
20,107000
20,150000
20,148500
20,110000
20,125000
20,180000
20,150000
20,240000
20,104000
20,99000
20,100000
20,165000
20,34000
20,275000
20,128000
20,106000
20,110000
20,127000
20,120000
19,107000
19,135000
19,106000
19,110000
19,177400
19,125000
19,112000
19,103000
19,101000
19,134000
19,179800
19,84500
19,162000
19,145000
19,122000
19,135000
19,125000
19,134000
19,120000
19,70000
19,145000
19,70000
19,129000
19,150000
19,98000
19,92000
19,137500
19,87600
19,101000
19,110000
19,165000
19,122500
19,112000
19,110000
19,83000
19,116000
19,135000
19,45000
19,90000
19,150000
19,80000
19,118000
19,125000
19,85000
19,87000
19,61000
19,150000
19,130000
19,110000
19,135000
19,83000
19,125000
19,165000
19,158000
19,110000
19,200000
19,170000
19,400000
19,140000
19,104310
19,50100
19,65000
19,60000
19,235000
19,156000
19,70000
19,90000
19,145000
19,26000
19,155000
19,59000
19,105000
19,36048
19,200000
19,125000
19,121200
19,40000
19,97000
19,131720
19,240000
19,120000
19,200000
19,130000
19,75000
19,115000
19,200000
19,62500
19,96000
19,72000
19,55000
19,88300
19,70000
19,60000
19,73000
19,120000
19,72000
19,65000
19,50000
19,160000
19,130000
19,110000
19,185000
19,78000
19,59000
19,120000
19,80000
19,124000
19,100200
19,80000
19,160000
19,105000
19,120000
19,79000
19,106000
19,100000
19,130000
19,51200
19,135
19,60000
19,103000
19,107000
19,105000
19,115000
19,118000
19,120000
19,117500
19,55000
19,185000
19,85000
19,69500
19,145000
18,32500
18,100000
18,87500
18,105000
18,144000
18,126000
18,140000
18,113000
18,130000
18,51600
18,100280
18,110000
18,105800
18,103000
18,46000
18,153000
18,170000
18,114000
18,93000
18,62000
18,143000
18,95000
18,105617
18,140000
18,140000
18,67000
18,100000
18,65000
18,112000
18,135000
18,78000
18,160000
18,150000
18,40000
18,80000
18,92500
18,86500
18,106000
18,105000
18,102000
18,114000
18,123600
18,86500
18,105000
18,65500
18,127750
18,125000
18,120000
18,107000
18,46109
18,60000
18,115000
18,95000
18,100000
18,79500
18,135000
18,76000
18,79000
18,35000
18,128000
18,94000
18,186000
18,59524
18,125000
18,115000
18,67000
18,123200
18,110000
18,100000
18,43500
18,16400
18,124000
18,140000
18,58743
18,91000
18,115000
18,75736
18,72500
18,23000
18,147200
18,180000
18,78000
18,49000
18,115000
18,130000
18,91000
18,97000
18,81000
18,122000
18,38000
18,120000
18,126000
18,15115
18,87996
18,87000
18,97000
18,125000
18,152000
18,95000
18,61500
18,92880
18,74000
18,60000
18,135000
18,134000
18,68000
18,103000
18,92000
18,55000
18,145000
18,118000
18,51000
18,90000
18,75000
18,49000
18,210000
18,67000
18,114830
18,24000
18,75000
18,105000
18,150
18,80000
18,103000
18,109000
18,68600
18,105000
18,68800
18,101000
18,110000
18,95000
18,104000
18,118000
18,82000
18,144760
18,87000
18,116000
18,149000
18,105000
18,106400
18,120000
18,80000
18,128000
18,50000
18,51000
18,115000
18,135000
18,92000
18,138000
18,155000
18,132000
18,77000
18,20000
18,140000
18,84000
18,105000
18,125000
18,200000
18,132000
18,135000
18,83420
18,130000
18,40000
18,135000
18,91800
18,40000
18,92700
18,94000
18,225000
18,100000
18,113000
18,63000
18,72135
18,134391
18,130000
18,60000
18,165000
18,164000
18,60000
18,75000
18,130000
18,90000
18,83000
18,80000
18,135000
18,91000
18,80000
18,70000
18,118000
18,195000
18,130000
18,50273
18,90000
18,80000
18,100000
18,80000
18,100000
18,92000
18,71000
18,100000
18,87400
18,38197
18,65000
18,128000
18,130000
18,833600
18,63000
18,77000
18,107000
18,102000
18,99350
18,171000
18,100000
18,32600
18,160000
18,70000
18,178000
18,180000
18,25000
18,150000
18,85000
18,105000
18,90000
18,115000
18,85000
18,78000
18,82000
18,61813
18,145000
18,85000
18,141750
18,130000
18,200000
18,30000
18,79060
18,145000
18,125000
18,75
18,115000
18,110000
18,98966
18,145000
18,95000
18,85000
18,110000
18,120000
18,220000
18,40000
18,123000
18,105000
18,118450
18,70000
18,84000
18,90000
18,70000
18,80000
18,179000
18,105000
18,92000
18,75000
18,86200
18,86174
18,81000
18,80000
18,105387
18,56850
18,140000
18,106000
18,135000
18,70000
18,139000
18,93000
18,47000
18,105000
18,33000
18,95290
18,123000
18,97000
18,92000
18,91371
18,158566
18,138000
18,145000
18,110000
18,115000
18,133000
18,65000
18,77000
18,70000
18,90000
18,89000
18,110000
18,115500
18,110000
18,60000
18,185000
18,72695
18,129000
18,110000
18,101000
18,350000
18,106500
18,95000
18,120000
18,68000
18,90000
18,162788
18,209000
18,90000
18,36000
18,75000
18,100000
18,112000
18,70000
18,140000
18,137000
18,130000
18,92500
18,125000
18,110000
18,120000
18,78000
18,106000
18,135000
18,105000
18,116300
18,125000
18,105000
18,120000
18,114000
18,67000
18,153300
18,150000
18,66000
17,110000
17,78000
17,82804
17,100000
17,103000
17,95000
17,105000
17,120000
17,145000
17,130000
17,105000
17,130000
17,120000
17,60000
17,98259
17,83200
17,130000
17,30000
17,85000
17,115000
17,125000
17,65000
17,26000
17,110000
17,137000
17,97000
17,93000
17,90000
17,106575
17,116000
17,107000
17,137000
17,167000
17,95000
17,118000
17,137500
17,70000
17,57500
17,80000
17,120000
17,110000
17,120000
17,108000
17,149000
17,91660
17,72000
17,93000
17,87000
17,125000
17,425000
17,135000
17,31200
17,141000
17,140000
17,129000
17,107000
17,127000
17,100200
17,127500
17,103000
17,95000
17,91000
17,100000
17,112000
17,104000
17,60000
17,96000
17,190000
17,90000
17,78000
17,80000
17,77500
17,92000
17,139000
17,65890
17,110000
17,118000
17,115000
17,100093
17,125000
17,82500
17,156000
17,124000
17,135000
17,72000
17,79000
17,75000
17,82400
17,73855
17,66000
17,57000
17,107814
17,120000
17,71585
17,90000
17,119500
17,115000
17,62000
17,145600
17,80000
17,78000
17,168000
17,63000
17,105000
17,105000
17,90000
17,82000
17,139000
17,91000
17,162000
17,85000
17,86000
17,46130
17,100000
17,65000
17,115000
17,60000
17,67800
17,100500
17,95000
17,72000
17,20000
17,9546
17,123000
17,47840
17,104000
17,112000
17,85000
17,104000
17,120000
17,150000
17,160000
17,35000
17,126000
17,264000
17,160000
17,80000
17,110000
17,98000
17,36221
17,101000
17,123600
17,82000
17,135000
17,110000
17,120000
17,135000
17,49500
17,204000
17,90000
17,77000
17,93567
17,35000
17,97000
17,120000
17,106486
17,125000
17,48000
17,85500
17,95000
17,125000
17,135000
17,108000
17,132000
17,45760
17,320000
17,175000
17,140000
17,120000
17,80000
17,92500
17,135000
17,80000
17,115000
17,52000
17,118000
17,122000
17,145000
17,135000
17,130000
17,65700
17,545000
17,155000
17,63000
17,135000
17,94000
17,42000
17,140000
17,115000
17,110000
17,86000
17,93000
17,106000
17,110000
17,135000
17,150000
17,66000
17,220000
17,90000
17,115000
17,23300
17,93698
17,75000
17,90000
17,195000
17,45000
17,59288
17,75700
17,130000
17,150000
17,84500
17,130000
17,40000
17,32000
17,32000
17,58500
17,132000
17,69500
17,107000
17,101500
17,123000
17,105000
17,66000
17,81200
17,60300
17,96700
17,53000
17,65000
17,47000
17,100000
17,80000
17,68000
17,96000
17,88000
17,97000
17,118000
17,131500
17,97500
17,130000
17,145000
17,100000
17,160000
17,102000
17,103000
17,134000
17,63000
17,92000
17,120000
17,62000
17,126000
17,103000
17,148000
17,65000
17,60650
17,106000
17,54000
17,63000
17,17913
17,80500
17,85000
17,86000
17,87000
17,128500
17,87400
17,180000
17,88000
17,66500
17,92000
17,82000
17,69000
17,75000
17,96000
17,136500
17,95000
17,18000
17,153400
17,115000
17,189000
17,117000
17,500000
17,138000
17,100000
17,87000
17,85000
17,79000
17,160000
17,86000
17,136000
17,49000
17,110000
17,80000
17,108000
17,113100
17,43000
17,175000
17,96000
17,96000
17,129800
17,15000
17,101000
17,80000
17,94000
17,48000
17,67500
17,225000
17,150000
17,93480
17,200000
17,70000
17,260000
17,200000
17,89500
17,64000
17,42000
17,108000
17,185000
17,120000
17,200000
17,156000
17,53000
17,110000
17,105000
17,91214
17,115200
16,115000
16,69894
16,114000
16,71400
16,79000
16,70000
16,88000
16,100000
16,93500
16,104495
16,95000
16,103000
16,127750
16,90000
16,48000
16,70000
16,150000
16,105000
16,85000
16,115000
16,100000
16,93500
16,124000
16,48700
16,118000
16,80000
16,38000
16,58180
16,29200
16,55500
16,43000
16,86000
16,30000
16,145000
16,211000
16,125000
16,113000
16,85200
16,101000
16,67500
16,93500
16,60750
16,89000
16,85000
16,100000
16,61400
16,55000
16,80000
16,104000
16,142000
16,125000
16,118500
16,135000
16,86597
16,140000
16,125000
16,69610
16,165000
16,80000
16,81500
16,275000
16,110000
16,97000
16,110000
16,90000
16,41300
16,41436
16,72000
16,90000
16,107000
16,118000
16,79000
16,105000
16,114000
16,94000
16,120000
16,190000
16,78000
16,40000
16,100000
16,80000
16,27000
16,44503
16,38000
16,55000
16,77000
16,105000
16,78000
16,109000
16,160000
16,49200
16,80000
16,140000
16,65000
16,110000
16,110000
16,38800
16,69000
16,130000
16,48000
16,150000
16,65000
16,108000
16,93000
16,36000
16,154000
16,135000
16,85000
16,116000
16,103107
16,140000
16,62000
16,135000
16,67500
16,77850
16,170000
16,68000
16,178000
16,97335
16,95000
16,60000
16,70000
16,100000
16,108000
16,85000
16,65000
16,120000
16,126500
16,125000
16,93000
16,77000
16,85500
16,112000
16,77000
16,92000
16,95000
16,61200
16,60000
16,65000
16,105000
16,75000
16,124000
16,40000
16,98000
16,145000
16,65000
16,80000
16,135000
16,104000
16,80000
16,93000
16,48000
16,90000
16,150000
16,106000
16,170000
16,90000
16,45700
16,104000
16,131000
16,30300
16,103000
16,87000
16,75000
16,80000
16,38000
16,77374
16,71000
16,125000
16,66000
16,106000
16,103000
16,103000
16,38000
16,38000
16,99000
16,77191
16,113300
16,16500
16,70000
16,95000
16,98000
16,30000
16,120000
16,40000
16,50000
16,62000
16,84000
16,137000
16,93000
16,116965
16,87000
16,135000
16,52000
16,82000
16,80000
16,115000
16,57400
16,132000
16,100000
16,75000
16,102900
16,149000
16,137000
16,205000
16,52000
16,104000
16,60000
16,83200
16,56000
16,85000
16,70000
16,170000
16,93000
16,87000
16,84000
16,153000
16,75000
16,90000
16,58000
16,96000
16,110000
16,150000
16,200000
16,120000
16,70000
16,105000
16,78000
16,117000
16,131000
16,166000
16,103000
16,90000
16,62000
16,78000
16,72000
16,92000
16,53860
16,63200
16,56500
15,51000
15,80000
15,11800
15,70000
15,37500
15,109000
15,79800
15,104000
15,250000
15,99000
15,109000
15,67500
15,80000
15,115000
15,125000
15,90000
15,130000
15,120000
15,125000
15,87000
15,140000
15,78000
15,76800
15,67000
15,75000
15,128000
15,94000
15,80000
15,148000
15,80000
15,56000
15,98000
15,165000
15,77000
15,57000
15,75000
15,72000
15,111000
15,84000
15,55000
15,55000
15,135000
15,142000
15,112500
15,75000
15,74000
15,136500
15,98760
15,139000
15,70000
15,44000
15,105000
15,119000
15,44000
15,106500
15,85000
15,135600
15,96000
15,125000
15,71000
15,88000
15,105000
15,97000
15,86708
15,43500
15,80000
15,138000
15,105000
15,98000
15,105000
15,129000
15,59000
15,123000
15,264000
15,85216
15,64000
15,107000
15,118000
15,112000
15,116000
15,56000
15,80000
15,93000
15,92000
15,164000
15,115000
15,144000
15,105607
15,95000
15,85000
15,120000
15,122000
15,160000
15,85000
15,70000
15,80000
15,76000
15,32200
15,12000
15,100000
15,35362
15,250000
15,79500
15,132000
15,35000
15,100000
15,160000
15,139000
15,16000
15,115000
15,31000
15,175000
15,77700
15,150000
15,45000
15,105000
15,105000
15,117000
15,11100
15,66000
15,55000
15,48000
15,3300
15,43000
15,120000
15,79000
15,115000
15,138000
15,64000
15,105000
15,80000
15,107000
15,65770
15,59850
15,85000
15,131500
15,95000
15,84000
15,143000
15,98000
15,2400
15,83000
15,77000
15,36000
15,95000
15,85000
15,151500
15,31000
15,83000
15,35000
15,2900
15,2900
15,108000
15,97000
15,41000
15,123600
15,3500
15,31500
15,142000
15,69600
15,34000
15,27000
15,56000
15,83000
15,54772
15,110000
15,90000
15,62100
15,76000
15,120000
15,130000
15,95000
15,56000
15,78600
15,125000
15,125000
15,165000
15,32000
15,120000
15,127500
15,38000
15,74000
15,47500
15,97000
15,103000
15,92000
15,83000
15,122800
15,130000
15,69990
15,54000
15,125000
15,110000
15,153000
15,90000
15,118000
15,40000
15,75000
15,143547
15,61903
15,84000
15,150000
15,112000
15,40000
15,72000
15,93000
15,113000
15,138500
15,100000
15,140000
15,112000
15,89000
15,57000
15,102000
15,65000
15,113000
15,120000
15,130000
15,80000
15,72000
15,65000
15,31500
15,51000
15,40800
15,70000
15,38150
15,50000
15,80000
15,70000
15,123585
15,20000
15,80104
15,164000
15,110000
15,130090
15,165000
15,75000
15,59530
15,71000
15,65000
15,47000
15,125000
15,152000
15,56000
15,65000
15,35169
15,50000
15,41000
15,9100
15,65180
15,50140
15,47000
15,72000
15,35000
15,21000
15,89000
15,65000
15,150000
15,28495
15,36000
15,45170
15,86000
15,42000
15,63000
15,58000
15,60000
15,75000
15,70000
15,70000
15,48000
15,82970
15,63400
15,54000
15,130000
15,90000
15,80000
15,135000
15,55000
15,11800
15,91000
15,127000
15,94000
15,125000
15,119000
15,78052
15,110000
15,51000
15,107000
15,70000
15,200000
15,165000
15,119000
15,87000
15,100000
15,129800
15,150000
15,133700
15,22000
15,125000
15,125000
15,101000
15,119000
15,68000
15,40000
15,65000
15,71000
15,72000
15,87000
15,106000
15,105000
15,85654
15,71000
15,58250
15,88000
15,54330
15,25000
15,90000
15,164000
15,100000
15,43700
15,67000
15,104000
15,105000
15,75000
15,165000
15,104000
15,90250
15,110000
15,95000
15,82900
15,240000
15,150000
15,96000
15,83018
15,47500
15,86000
15,102200
15,81471
15,180000
15,102000
15,121000
15,153027
15,26400
15,90500
15,70000
15,77624
15,90000
15,63500
15,250000
15,94000
15,91000
15,69000
15,120000
15,154000
15,96000
15,80000
15,122000
15,120000
15,115000
15,80000
15,104000
15,81000
15,120000
15,30236
15,98500
15,66050
15,140321
15,165000
15,88000
15,70180
15,35000
15,75000
15,48650
15,74813
15,120000
15,90000
15,140000
15,105000
15,95000
15,152000
15,88050
15,72000
15,99000
15,110000
15,125000
15,750000
15,65000
15,67000
15,128000
15,70000
15,116500
15,125000
15,89814
15,158500
15,98000
15,150000
15,55168
15,130000
15,90000
15,108000
15,102000
15,96000
15,115000
15,170000
15,110000
15,125000
15,160000
15,63000
15,71500
15,30000
15,140000
15,98000
15,65000
15,85000
15,120000
15,110000
15,117000
15,111000
15,152000
15,92500
15,148000
15,73000
15,78000
15,116500
15,67000
15,116500
15,61400
15,113000
15,110000
15,64000
15,88002
15,107000
15,104000
15,38000
15,115000
15,110000
15,125000
15,65000
15,39000
15,129000
15,94000
15,82000
15,118000
15,112000
15,119500
15,102104
15,162000
15,100000
15,105000
15,126000
15,99600
15,104000
15,47500
15,120500
15,89000
15,74000
15,56000
15,85000
15,92000
15,145000
15,62000
15,101000
15,120000
15,115000
15,110000
15,97000
15,97000
15,500000
15,105000
15,130000
15,240000
15,110000
15,45000
15,115000
15,92000
15,72000
15,44000
15,118000
15,82000
15,70000
15,38000
15,82000
15,108000
15,167000
15,105000
15,85000
15,70800
15,260000
15,20750
15,99100
15,90000
15,85000
15,35000
15,107000
15,71000
15,54410
15,75000
15,100000
15,120000
15,65000
15,104000
15,83000
15,61000
15,106000
15,135000
15,63000
15,30000
15,85000
15,115000
15,79000
15,115000
15,130000
15,108000
15,45000
15,122000
15,115000
15,115000
15,33172
15,124000
15,67000
15,116500
15,70000
15,65000
15,73000
15,110000
15,52922
15,128500
15,65000
15,119000
15,50000
15,160000
15,85000
15,110000
15,136000
15,22244
15,56700
15,65000
15,55000
15,49000
15,93500
15,103000
15,93000
15,75080
15,138000
15,63000
15,80000
15,94000
15,100000
15,68000
15,135000
15,86000
15,105000
15,135000
15,160000
15,89000
15,87400
15,70000
15,60000
15,79860
15,120000
15,68000
15,129000
15,47143
15,112500
15,70000
15,69086
15,68000
15,36000
15,96000
15,50621
15,105000
15,95000
15,85000
15,66000
15,55000
15,69000
15,55000
15,95000
15,137000
15,90000
15,110000
15,78000
15,124500
15,150000
15,113000
15,165000
15,75000
15,125000
15,95000
15,105000
15,150000
15,120000
15,53000
15,124500
15,110240
15,92000
15,200000
15,90000
15,120000
15,127000
15,47000
15,102000
15,86000
15,55000
15,45000
15,101000
15,82000
15,93573
15,67000
15,20476
15,83000
15,63800
15,40000
15,105000
15,66750
15,70000
15,70000
15,45000
15,120000
15,66500
15,67282
15,28000
15,109200
15,63000
15,81645
15,110000
15,74000
15,119831
15,125000
15,31818
15,18000
15,88000
15,205000
15,48000
15,159056
15,70000
15,98000
15,98000
15,85000
15,25500
15,45000
15,122000
15,97000
15,95000
15,110000
15,112840
15,88500
15,134000
15,68000
15,80000
15,46000
15,67000
15,46350
15,110000
15,104000
15,65000
15,77000
15,82000
15,69875
15,94000
15,103000
15,88000
15,65000
15,65543
15,95000
15,117000
15,62000
15,135000
15,115000
15,107000
15,151400
15,79000
15,130000
15,136000
15,117000
15,142600
15,115000
15,122000
15,62400
15,137000
15,140000
15,88000
15,75000
15,110000
15,73000
15,85000
15,79000
15,69000
15,175000
15,115000
15,65000
15,79280
15,93000
15,87000
15,56000
15,142000
15,85000
15,105800
15,130000
15,57000
15,99000
15,101900
15,130000
15,101000
15,76000
15,102000
15,80000
15,33000
15,50000
15,95000
15,110000
15,58000
15,85000
15,135000
15,130000
15,50000
15,61000
15,100000
15,100000
15,154000
15,72000
15,65000
15,96000
15,77000
15,69000
15,108000
15,50000
15,198000
15,116000
15,132000
15,130000
15,96000
15,66000
15,80000
15,106000
15,102900
15,108000
15,110000
15,110000
15,32500
15,45000
15,83000
15,70000
15,75000
15,85000
15,82000
15,100000
15,48000
15,100000
15,85000
15,76000
15,65000
15,77000
15,75000
15,47449
15,62000
15,155000
15,82000
15,105000
15,90500
15,140000
15,66000
15,67700
15,83000
15,46750
15,66500
15,82000
15,30000
15,50000
15,116000
15,60000
15,73800
15,84000
15,41000
15,31000
15,50000
15,85000
15,62400
15,156000
15,47714
14,40541
14,24400
14,74000
14,129000
14,86000
14,14139
14,105000
14,74422
14,6260
14,95000
14,70879
14,120000
14,130000
14,90200
14,87000
14,62400
14,67000
14,95000
14,75000
14,110000
14,110000
14,82560
14,155000
14,95000
14,115000
14,101000
14,54000
14,10000
14,63000
14,54000
14,99000
14,80000
14,77000
14,90000
14,90000
14,105300
14,85000
14,127000
14,50000
14,93000
14,120000
14,100000
14,105000
14,110000
14,150000
14,180000
14,90000
14,63000
14,98000
14,187500
14,78000
14,87324
14,54100
14,65000
14,100000
14,37260
14,65105
14,54000
14,35000
14,44000
14,30000
14,124000
14,80000
14,110000
14,188000
14,123000
14,85585
14,10095
14,42100
14,94500
14,86000
14,130000
14,115000
14,124000
14,102232
14,90000
14,124000
14,47000
14,60000
14,99000
14,100000
14,63000
14,98000
14,73840
14,135000
14,136000
14,86500
14,140000
14,128000
14,30000
14,97000
14,110000
14,70000
14,53460
14,95000
14,131000
14,220000
14,65000
14,62000
14,61386
14,9360
14,32000
14,95000
14,120000
14,35100
14,85544
14,104000
14,100000
14,64000
14,114000
14,130000
14,108000
14,130000
14,87000
14,135000
14,20000
14,31000
14,151000
14,17500
14,117000
14,38000
14,135000
14,43000
14,76000
14,125000
14,138000
14,97500
14,60000
14,52256
14,120000
14,95000
14,120000
14,120000
14,120000
14,120000
14,152000
14,123000
14,85000
14,150000
14,95000
14,175000
14,100000
14,75000
14,158200
14,95000
14,345000
14,90000
14,115000
14,86000
14,150000
14,121000
14,57000
14,91000
14,140394
14,105000
14,150000
14,5000
14,105000
14,125000
14,86000
14,65000
14,125000
14,117920
14,100000
14,109500
14,13000
14,84000
14,49591
14,49591
14,60332
14,53600
14,40000
14,80000
14,57351
14,44892
14,40000
13,55000
13,20000
13,71800
13,103000
13,93000
13,83000
13,75000
13,120000
13,123000
13,115000
13,50000
13,133010
13,78600
13,107500
13,92000
13,100000
13,85000
13,82000
13,95000
13,132500
13,87700
13,62000
13,80000
13,145000
13,77000
13,45000
13,157000
13,90000
13,40000
13,114000
13,85000
13,99000
13,133000
13,120000
13,56000
13,85000
13,105000
13,110000
13,85000
13,155000
13,110000
13,115000
13,32000
13,100000
13,95000
13,67000
13,90000
13,80000
13,65000
13,113000
13,114000
13,109000
13,55000
13,80000
13,95000
13,77855
13,133817
13,115500
13,65000
13,75000
13,70000
13,116340
13,116000
13,91000
13,120000
13,140000
13,76500
13,81000
13,107000
13,105000
13,87000
13,120000
13,89000
13,120000
13,49000
13,88000
13,7800
13,98000
13,97000
13,110000
13,130000
13,120000
13,100000
13,103000
13,100000
13,123000
13,300000
13,136500
13,117000
13,64000
13,95000
13,116000
13,113000
13,68000
13,120000
13,110000
13,80000
13,168000
13,132387
13,88000
13,125000
13,169000
13,95000
13,86000
13,65000
13,104000
13,17333
13,117031
13,100000
13,106000
13,75000
13,131700
13,101000
13,87000
13,81600
13,12000
13,625
13,31000
13,135000
13,70000
13,56315
13,100000
13,124000
13,95000
13,135000
13,95000
13,132000
13,15600
13,100000
13,37000
13,115000
13,132000
13,120000
13,89000
13,66000
13,16000
13,110000
13,153000
13,122000
13,160000
13,45000
13,89750
13,205000
13,100000
13,140000
13,96000
13,80000
13,155000
13,180000
13,50000
13,108000
13,111000
13,90000
13,195000
13,150000
13,800000
13,75000
13,130000
13,85000
13,148000
13,101000
13,54432
13,106000
13,50000
13,106000
13,120000
13,99500
13,96000
13,135000
13,83000
13,100000
13,90000
13,98000
13,69000
13,90000
13,92000
13,107500
13,20000
13,100000
13,125000
13,87000
13,175000
13,81000
13,121000
13,76000
13,99600
13,114000
13,100000
13,75000
13,150000
13,75000
13,110000
13,130000
13,125000
13,77650
13,65000
13,118000
13,90000
13,135000
13,115000
13,95000
13,125000
13,105000
13,63000
13,97000
12,103000
12,46000
12,60000
12,85000
12,75000
12,86600
12,112000
12,130000
12,75000
12,81000
12,28800
12,95612
12,56000
12,85000
12,70000
12,81000
12,400000
12,36000
12,87227
12,52000
12,80000
12,44774
12,73500
12,112
12,60500
12,66000
12,47573
12,160000
12,22140
12,45000
12,143000
12,30800
12,18181
12,123000
12,124000
12,64000
12,52000
12,95000
12,120000
12,75344
12,194000
12,80000
12,217000
12,120000
12,185000
12,67000
12,95600
12,81000
12,145000
12,110000
12,120000
12,115000
12,80000
12,130000
12,72446
12,110040
12,90900
12,170000
12,81000
12,24000
12,63330
12,87000
12,115000
12,103520
12,110000
12,100000
12,103000
12,54577
12,66000
12,121500
12,76000
12,77155
12,132000
12,166000
12,110000
12,64500
12,78000
12,64179
12,95207
12,115000
12,125000
12,100000
12,130000
12,76000
12,92000
12,110700
12,82000
12,108000
12,80000
12,93000
12,90000
12,67000
12,65000
12,110000
12,112700
12,92000
12,13500
12,97000
12,71000
12,144700
12,93000
12,135000
12,24000
12,77500
12,80000
12,46000
12,33437
12,84000
12,84000
12,115000
12,37538
12,80000
12,48000
12,75000
12,138000
12,67000
12,165000
12,88
12,50000
12,280000
12,67000
12,72000
12,75000
12,115000
12,96000
12,149000
12,25000
12,5800
12,22350
12,91400
12,125000
12,42916
12,78000
12,8230
12,66000
12,88500
12,66000
12,65000
12,58000
12,60000
12,36500
12,85000
12,7500
12,87000
12,119000
12,80000
12,80200
12,75000
12,50100
12,95000
12,66000
12,12000
12,72247
12,80000
12,900
12,40000
12,49000
12,50833
12,63500
12,684000
12,60000
12,70000
12,41124
12,29000
12,48000
12,63000
12,54000
12,95000
12,28600
12,46000
12,70000
12,60112
12,68000
12,17500
12,75000
12,80000
12,54832
12,45800
12,58
12,16000
12,16000
12,68000
12,105000
12,30000
12,50000
12,38000
12,112000
12,65000
12,113000
12,86000
12,70000
12,103000
12,10962
12,165000
12,12500
12,85000
12,80000
12,95000
12,115000
12,30000
12,75000
12,166000
12,80000
12,83000
12,60000
12,120000
12,136000
12,144000
12,85000
12,123673
12,122000
12,121000
12,100000
12,120000
12,180000
12,100000
12,85000
12,333000
12,105000
12,50000
12,81000
12,90000
12,64000
12,78000
12,120000
12,155000
12,80500
12,118000
12,90000
12,120000
12,86000
12,97263
12,135000
12,105000
12,135000
12,62000
12,100000
12,93396
12,100000
12,121000
12,110000
12,71000
12,260000
12,75000
12,69000
12,60000
12,111000
12,84000
12,93000
12,46000
12,127000
12,59500
12,113000
12,94000
12,45000
12,55000
12,70000
12,122000
12,95000
12,82500
12,117500
12,960000
12,105000
12,140000
12,111000
12,150000
12,98000
12,60000
12,28600
12,76000
12,26500
12,65000
12,40000
12,93000
12,80000
12,35000
12,110000
12,80300
12,55000
12,77000
12,140000
12,60330
12,40000
12,120000
12,47219
12,75000
12,95000
12,72000
12,164000
12,140000
12,90000
12,60000
12,92500
12,100000
12,135000
12,24000
12,125000
12,61763
12,34821
12,67000
12,65000
12,62000
12,117000
12,30000
12,120000
12,70000
12,130000
12,30000
12,59000
12,56640
12,135000
12,97500
12,200000
12,118000
12,110000
12,92000
12,110000
12,130000
12,22000
12,80000
12,60000
12,77000
12,75000
12,57000
12,65000
12,154000
12,62000
12,177000
12,71650
12,68000
12,45000
12,76000
12,54000
12,60000
12,8000
12,146000
12,122500
12,111000
12,33430
12,77000
12,105000
12,84000
12,80000
12,68000
12,65000
12,92000
12,60000
12,133000
12,82000
12,140000
12,58000
12,187000
12,85000
12,139000
12,86000
12,85000
12,120000
12,128500
12,60300
12,84000
12,110000
12,628857
12,96000
12,90000
12,98000
12,71000
12,73000
12,22000
12,100000
12,43000
12,101725
12,56000
12,115000
12,105000
12,73000
12,194000
12,73000
12,149000
12,140000
12,64477
12,160000
12,78000
12,107000
12,80000
12,36312
12,85000
12,145000
12,155000
12,95000
12,132000
12,100000
12,132131
12,91000
12,108000
12,109000
12,49500
12,115000
12,58000
12,126000
12,72000
12,123000
12,122500
12,120000
12,104000
12,121000
12,43000
12,54000
12,62700
12,115000
12,118000
12,62700
12,98000
12,60000
12,90000
12,106000
12,150000
12,98000
12,65000
12,160000
12,118556
12,300000
12,57706
12,120000
11,90000
11,150000
11,125000
11,38000
11,80000
11,82000
11,88000
11,150000
11,133000
11,115000
11,77000
11,112000
11,65000
11,82000
11,90000
11,125000
11,128500
11,44000
11,85000
11,115000
11,95000
11,98000
11,150000
11,100000
11,118000
11,57000
11,108000
11,66000
11,96000
11,118000
11,160000
11,63344
11,109000
11,126000
11,105000
11,65240
11,43000
11,62000
11,85000
11,122000
11,120000
11,112000
11,90000
11,52916
11,150000
11,160000
11,53443
11,102000
11,58000
11,69092
11,80500
11,53620
11,100000
11,125000
11,85000
11,92103
11,47500
11,60000
11,145000
11,68367
11,78000
11,98000
11,94000
11,48000
11,87000
11,106000
11,100000
11,144000
11,83500
11,49794
11,105000
11,110000
11,61671
11,110000
11,80000
11,58000
11,76000
11,100000
11,143800
11,40000
11,48000
11,65000
11,95000
11,70000
11,95532
11,30000
11,89000
11,68000
11,110000
11,35000
11,130000
11,90000
11,68000
11,90000
11,96000
11,45500
11,54462
11,110000
11,92000
11,120000
11,66152
11,116000
11,75000
11,107900
11,705000
11,68000
11,120000
11,60000
11,125000
11,160000
11,129000
11,65000
11,136000
11,90000
11,137000
11,84000
11,85000
11,89000
11,146000
11,75200
11,109000
11,83000
11,75000
11,63000
11,89000
11,80000
11,68000
11,93000
11,85500
11,60000
11,85000
11,100000
11,78000
11,90435
11,120000
11,115000
11,125000
11,160000
11,130000
11,156000
11,75524
11,82000
11,65000
11,82500
11,115000
11,98000
11,65000
11,42910
11,205000
11,82000
11,110000
11,60000
11,85000
11,115000
11,74000
11,150000
11,52000
11,105000
11,82000
11,53500
11,40000
11,105000
11,75000
11,75000
11,90000
11,240000
11,54000
11,73500
11,82000
11,118000
11,58000
11,105000
11,121000
11,88000
11,100000
11,104000
11,164000
11,120000
11,114000
11,117500
11,75000
11,113000
11,165000
11,48000
11,152000
11,114000
11,62000
11,67000
11,97000
10,95000
10,86150
10,100000
10,80000
10,123217
10,105000
10,68000
10,95000
10,140000
10,89600
10,95378
10,125000
10,92747
10,125000
10,70000
10,107000
10,137443
10,51000
10,110000
10,128000
10,50000
10,60000
10,55000
10,54000
10,83000
10,128800
10,120000
10,75000
10,23000
10,95000
10,72000
10,1000000
10,140000
10,155000
10,147000
10,47677
10,135000
10,87500
10,43600
10,65000
10,55000
10,80000
10,92500
10,110000
10,1600
10,96000
10,96000
10,73700
10,86000
10,140000
10,120000
10,103900
10,62000
10,50000
10,140000
10,101000
10,131000
10,134000
10,4000
10,90000
10,90000
10,65000
10,93000
10,66000
10,115000
10,88000
10,175000
10,105000
10,102800
10,117000
10,100000
10,69700
10,105000
10,48262
10,90000
10,62000
10,69000
10,90000
10,70000
10,80000
10,55742
10,43000
10,65700
10,42000
10,82000
10,91865
10,60000
10,178000
10,165000
10,115000
10,132000
10,43000
10,100000
10,55000
10,180000
10,425000
10,58500
10,66000
10,61200
10,140000
10,87000
10,80000
10,150000
10,115000
10,60000
10,63000
10,100000
10,105000
10,138000
10,64000
10,140000
10,110000
10,42000
10,85000
10,80100
10,62000
10,66000
10,96000
10,101000
10,85000
10,90000
10,131000
10,100000
10,43000
10,198000
10,52000
10,80000
10,34000
10,105000
10,170000
10,110000
10,120000
10,150000
10,130000
10,41000
10,115000
10,55000
10,72000
10,120000
10,88000
10,88000
10,57641
10,90000
10,55000
10,100000
10,102500
10,47000
10,50000
10,28000
10,84000
10,84460
10,100000
10,75000
10,225000
10,84000
10,30000
10,65000
10,113000
10,122000
10,155000
10,41300
10,99000
10,77000
10,88000
10,65000
10,83000
10,67000
10,125000
10,100000
10,85571
10,93000
10,122000
10,96000
10,120000
10,73000
10,70000
10,60360
10,325000
10,130000
10,105000
10,4200
10,135300
10,57000
10,117000
10,107000
10,75000
10,61000
10,125000
10,50000
10,110000
10,76000
10,142000
10,70000
10,80000
10,98500
10,63000
10,94500
10,160000
10,88000
10,153000
10,109000
10,62000
10,108707
10,113650
10,130000
10,151000
10,90000
10,160000
10,85000
10,79000
10,200000
10,128000
10,50000
10,100000
10,90000
10,140000
10,160000
10,185000
10,111000
10,24145
10,66625
10,130000
10,67000
10,65000
10,45000
10,102000
10,60000
10,65000
10,75000
10,72000
10,65000
10,86500
10,23000
10,97000
10,65000
10,82000
10,110000
10,106000
10,56000
10,53000
10,109000
10,38000
10,54600
10,68500
10,80000
10,63000
10,67000
10,87100
10,52050
10,50000
10,62000
10,160000
10,75000
10,60267
10,138000
10,15600
10,55000
10,54952
10,32000
10,58000
10,175000
10,40000
10,55000
10,46500
10,90000
10,104000
10,67060
10,70000
10,66000
10,71600
10,44500
10,73702
10,83000
10,64651
10,101000
10,91200
10,50000
10,81000
10,67050
10,10650
10,60000
10,48240
10,56900
10,67000
10,84500
10,61562
10,82000
10,65000
10,62239
10,56280
10,44000
10,85000
10,61636
10,45000
10,93000
10,52000
10,66962
10,55000
10,56000
10,56000
10,100500
10,47000
10,46000
10,47000
10,69000
10,27000
10,77000
10,79000
10,107000
10,34100
10,79000
10,68000
10,43000
10,143000
10,24800
10,56000
10,90000
10,52942
10,45000
10,25000
10,55900
10,27000
10,55000
10,57000
10,55000
10,50250
10,45352
10,110000
10,220000
10,486000
10,34466
10,156000
10,109000
10,81500
10,140000
10,97000
10,31650
10,121000
10,85000
10,100000
10,110000
10,66000
10,56500
10,95000
10,83000
10,84500
10,110000
10,72500
10,115000
10,180000
10,70000
10,1375000
10,67600
10,140000
10,50000
10,106500
10,33000
10,48000
10,54500
10,93711
10,72000
10,83234
10,54000
10,59000
10,60000
10,90000
10,112000
10,100000
10,102000
10,73574
10,71200
10,160000
10,84000
10,83664
10,32000
10,19600
10,54000
10,112000
10,128000
10,60000
10,135500
10,90500
10,235000
10,80000
10,64000
10,30692
10,51000
10,1967
10,88000
10,140000
10,7500
10,85000
10,138000
10,36000
10,87600
10,60000
10,87000
10,17000
10,125000
10,97000
10,94000
10,53000
10,350000
10,100000
10,96000
10,98866
10,80200
10,106000
10,96000
10,90000
10,80000
10,65000
10,138000
10,145000
10,74000
10,22000
10,115000
10,125000
10,73000
10,100000
10,82500
10,80000
10,130000
10,110000
10,80000
10,85000
10,26000
10,89750
10,84000
10,79000
10,94000
10,160000
10,125000
10,130000
10,90000
10,58000
10,100000
10,60000
10,75110
10,91000
10,160000
10,135000
10,82000
10,44000
10,90000
10,93000
10,125000
10,31000
10,56
10,67000
10,108000
10,80000
10,95000
10,108000
10,102000
10,163000
10,47300
10,172000
10,75000
10,120000
10,113000
10,50000
10,143000
10,109000
10,135000
10,168000
10,40084
10,110000
10,182000
10,67000
10,40165
10,150000
10,47219
10,9900
10,90000
10,92000
10,92000
10,75000
10,153500
10,92000
10,2200
10,73000
10,55000
10,64000
10,165000
10,70000
10,72176
10,110000
10,139000
10,135000
10,160000
10,43000
10,12000
10,50000
10,50000
10,70828
10,45000
10,127500
10,97000
10,107000
10,90000
10,140000
10,120000
10,50000
10,99500
10,85000
10,50000
10,89000
10,23500
10,135000
10,51000
10,107000
10,137000
10,31893
10,48000
10,115000
10,37100
10,106300
10,57200
10,110000
10,22735
10,51475
10,83000
10,93500
10,164000
10,90000
10,65505
10,85000
10,103000
10,27600
10,80000
10,127000
10,45000
10,70000
10,3580
10,54000
10,93000
10,16380
10,97000
10,47000
10,59000
10,47000
10,21500
10,120000
10,53128
10,49000
10,50000
10,75000
10,36000
10,152000
10,81000
10,110000
10,93000
10,100000
10,135000
10,81000
10,13000
10,82000
10,136000
10,120000
10,80000
10,96000
10,165000
10,43000
10,95000
10,103000
10,135000
10,80000
10,86000
10,175000
10,110000
10,165000
10,15000
10,52000
10,62500
10,88000
10,63000
10,96000
10,70000
10,120000
10,141000
10,105000
10,87000
10,98000
10,72000
10,81
10,94000
10,100000
10,20500
10,201000
10,75000
10,94994
10,80000
10,140000
10,50000
10,90000
10,108000
10,110000
10,120000
10,145000
10,85000
10,85000
10,280000
10,55000
10,66000
10,175000
10,51000
10,94000
10,96500
10,125000
10,159000
10,120000
10,100000
10,89000
10,56550
10,95000
10,61000
10,27000
10,15000
10,43000
10,65500
10,29000
10,58775
10,140000
10,115000
10,122400
10,106000
10,100000
10,75000
10,58500
10,75000
10,67000
10,350000
10,86000
10,110000
10,240000
10,28308
10,125000
10,125000
10,140000
10,86000
10,80330
10,103900
10,105000
10,72500
10,115000
10,111000
10,60000
10,125000
10,94188
10,89000
10,35000
10,84000
10,97000
10,56000
10,45500
10,137500
10,100000
10,90000
10,18000
10,52823
10,62000
10,71000
10,120000
10,94000
10,51000
10,107000
10,90000
10,72000
10,30000
10,56800
10,160000
10,123000
10,77000
10,72000
10,98000
10,120000
10,140000
10,161449
10,75000
10,77000
10,105000
10,110000
10,74000
10,57000
10,93000
10,100000
10,50700
10,80000
10,130000
10,137000
10,77000
10,115000
10,61000
10,78000
10,59000
10,74000
10,42000
10,82000
10,81000
10,125000
10,126000
10,111000
10,62250
10,125000
10,66954
10,98000
10,75000
10,90875
10,63000
10,46700
10,90000
10,137000
10,93000
10,118000
10,54000
10,53942
10,125000
10,119000
10,163000
10,101000
10,100000
10,34822
10,106000
10,147000
10,57000
10,117500
10,70000
10,98000
10,100000
10,126000
10,92000
10,114000
10,61000
10,50000
10,93000
10,78500
10,56500
10,90937
10,93156
10,104000
10,120000
10,85000
10,70000
10,89600
10,75000
10,112000
10,108000
10,125000
10,72000
10,95000
10,65000
10,105000
10,75000
10,84000
10,110000
10,60000
10,117000
10,114000
10,61206
10,96000
10,115000
10,95000
10,156000
10,40000
10,118000
10,85000
10,100000
10,61000
10,120000
10,125900
10,71000
10,97000
10,193000
10,85000
10,70000
10,170000
10,126000
10,95000
10,70000
10,98000
10,57000
10,53040
10,52000
10,95000
10,42000
10,104000
10,129000
10,78000
10,52165
10,111250
10,135000
10,48000
10,125000
10,77000
10,90000
10,87000
10,71000
10,72000
10,121000
10,62171
10,88000
10,6517
10,84000
10,112000
10,84000
10,90000
10,65000
10,125000
10,131000
10,50000
10,105000
10,87500
10,145000
10,72000
10,143000
10,24375
10,63000
10,142000
10,66084
10,90000
10,88000
10,56600
10,115000
10,108000
10,75000
10,62661
10,80000
10,65000
10,41404
10,16000
10,58750
10,54000
10,50000
10,18000
10,53500
10,61000
10,61500
10,110000
10,115500
10,47600
10,68000
10,54000
10,125000
10,60500
10,115000
10,40000
10,88000
10,35000
10,68000
10,75000
10,99348
10,109000
10,74000
10,67000
10,67500
10,125000
10,140000
10,43774
10,144000
10,135000
10,129000
10,70000
10,115000
10,122000
10,72000
10,105000
10,117770
10,120000
10,130000
10,115000
10,190000
10,90000
10,120000
10,85000
10,124800
10,59000
10,45567
10,33000
10,60000
10,50000
10,62000
10,85000
10,93000
10,44000
10,64000
10,160000
10,98000
10,95000
10,120000
10,88000
10,45000
10,93500
10,140000
10,120000
10,99000
10,195000
10,84000
10,75000
10,140000
10,90000
10,102000
10,120000
10,120000
10,110000
10,162000
10,93000
10,17000
10,120000
10,78000
10,104000
10,90000
10,110000
10,76000
10,137000
10,132000
10,54600
10,77500
10,48000
10,120000
10,115000
10,110000
10,20000
10,67000
10,130000
10,150000
10,110000
10,30000
10,79928
10,31000
10,116000
10,94245
10,20600
10,121000
10,72000
10,80000
10,135000
10,116000
10,75100
10,58000
10,90000
10,40000
10,72000
10,99800
10,60166
10,50000
10,128000
10,30000
10,84000
10,130
10,140000
10,79000
10,55500
10,121000
10,192000
10,115000
10,85000
10,85000
10,74880
10,108000
10,125000
10,118000
10,80000
10,116500
10,88000
10,150000
10,85000
10,138000
10,832031
10,44935
10,91000
10,70000
10,41000
10,98000
10,63000
10,100000
10,86000
10,108000
10,125000
10,99000
10,92750
10,74000
10,100000
9,53700
9,2246
9,50600
9,46000
9,66500
9,67155
9,650000
9,8000
9,12000
9,700
9,76000
9,83000
9,82150
9,20000
9,115000
9,75000
9,34000
9,98000
9,123000
9,35667
9,109300
9,105000
9,154000
9,85000
9,200000
9,18900
9,150000
9,114000
9,54000
9,100000
9,87000
9,113000
9,90000
9,92000
9,150000
9,67164
9,101000
9,80000
9,110000
9,120000
9,126000
9,136000
9,86000
9,95000
9,76109
9,71000
9,44494
9,57300
9,137000
9,85000
9,54000
9,40000
9,75000
9,85000
9,87000
9,67000
9,116321
9,115000
9,102494
9,86000
9,128593
9,150000
9,49550
9,75000
9,75000
9,51000
9,123500
9,19000
9,60000
9,46000
9,71000
9,16700
9,60000
9,56000
9,75000
9,75000
9,64000
9,155500
9,105000
9,95000
9,72000
9,85000
9,55000
9,100000
9,88000
9,103110
9,110000
9,120000
9,71000
9,53631
9,89000
9,85000
9,56000
9,42000
9,140000
9,115000
9,128000
9,82000
9,99500
9,155000
9,101363
9,75000
9,80000
9,325000
9,90000
9,96000
9,111000
9,110000
9,150000
9,104000
9,120000
9,92822
9,115000
9,121000
9,148986
9,89139
9,145000
9,300000
9,38000
9,80000
9,88000
9,66000
9,70000
9,75000
9,136000
9,120000
9,116000
9,81723
9,86000
9,107000
9,100000
9,70000
9,79500
9,75000
9,116500
9,136000
9,70000
9,144000
9,86888
9,142000
9,63000
9,115000
9,126000
9,115000
9,84000
9,190000
9,59000
9,80000
9,100000
9,98000
9,46000
9,137500
9,48125
9,102456
9,113000
9,160000
9,85000
9,106000
9,124000
9,85000
9,38000
9,70000
9,75000
9,150000
9,114000
9,94500
9,59964
9,115000
9,22500
9,80000
9,105000
9,81000
9,130000
9,86000
9,33388
9,72000
9,72000
9,135000
9,57417
9,72000
9,76000
9,110000
9,71500
9,110000
9,200000
9,95000
9,62100
9,35000
9,53000
9,76000
9,137000
9,84000
9,53000
9,35000
9,42700
9,51037
9,40000
9,73000
9,82000
9,131000
9,98000
9,40000
9,55000
9,85000
9,69392
9,38000
9,59000
9,100000
8,69000
8,55000
8,30000
8,57000
8,59928
8,12400
8,39
8,130000
8,30000
8,86000
8,126
8,57000
8,29260
8,50393
8,45000
8,85000
8,17667
8,116000
8,52000
8,48000
8,35000
8,66000
8,74610
8,61000
8,50000
8,73000
8,76000
8,2000
8,122000
8,12500
8,49000
8,54000
8,60000
8,60000
8,35407
8,47000
8,57000
8,95000
8,12416
8,50500
8,56000
8,57000
8,48000
8,33000
8,57000
8,5214
8,73000
8,60000
8,87000
8,94500
8,12000
8,10500
8,22000
8,90000
8,115000
8,577
8,53000
8,104000
8,106000
8,14000
8,125000
8,80000
8,100588
8,50000
8,136000
8,73000
8,80000
8,95000
8,76780
8,104000
8,104000
8,151000
8,72500
8,95000
8,110000
8,95000
8,95000
8,77500
8,118000
8,76000
8,62000
8,52000
8,130000
8,59000
8,102000
8,106000
8,82000
8,125000
8,86000
8,70000
8,73000
8,118560
8,115000
8,68000
8,78000
8,102000
8,125000
8,125000
8,60000
8,30000
8,35000
8,160000
8,100000
8,100000
8,76800
8,125303
8,100000
8,60500
8,119000
8,108000
8,104500
8,130000
8,91000
8,120000
8,150000
8,87683
8,85000
8,95000
8,113500
8,85000
8,65610
8,95000
8,133800
8,80000
8,95000
8,153824
8,91000
8,125000
8,90000
8,70000
8,75000
8,75000
8,64000
8,83000
8,95000
8,130000
8,79000
8,138000
8,125000
8,65870
8,180000
8,49000
8,150000
8,64000
8,57000
8,85000
8,87000
8,74560
8,69500
8,106000
8,32000
8,55000
8,109000
8,125000
8,92500
8,62000
8,105000
8,72000
8,100000
8,62000
8,90000
8,68000
8,51000
8,41262
8,87400
8,71000
8,120000
8,99600
8,98000
8,112000
8,95200
8,220000
8,112000
8,105000
8,98000
8,110000
8,77575
8,135000
8,50000
8,89000
8,138000
8,85000
8,55500
8,62400
8,310000
8,115700
8,49230
8,115000
8,92000
8,91000
8,110000
8,89000
8,67973
8,85000
8,135000
8,110000
8,135000
8,147000
8,91000
8,85000
8,82000
8,110000
8,95600
8,90000
8,74000
8,108564
8,98500
8,109000
8,80000
8,110000
8,73000
8,114000
8,110000
8,92000
8,77000
8,113000
8,86000
8,290000
8,128000
8,105000
8,130000
8,103000
8,105000
8,97000
8,120000
8,150000
8,127000
8,57232
8,93000
8,102000
8,110000
8,18352
8,112500
8,72000
8,110000
8,104000
8,140000
8,104000
8,200000
8,102000
8,75000
8,55000
8,34300
8,98000
8,105000
8,82000
8,95000
8,115000
8,68000
8,125000
8,56250
8,135500
8,113000
8,90000
8,102000
8,115000
8,127000
8,121000
8,142000
8,97232
8,108000
8,117500
8,102000
8,92500
8,84000
8,95000
8,112000
8,92000
8,65000
8,65500
8,107000
8,147000
8,65000
8,125000
8,110000
8,106000
8,71000
8,78750
8,160000
8,92000
8,113000
8,95000
8,125000
8,115000
8,135000
8,96000
8,111000
8,125000
8,150000
8,95000
8,128000
8,117000
8,85000
8,54000
8,90000
8,135000
8,79000
8,90000
8,113900
8,87000
8,115000
8,117500
8,37500
8,184000
8,59000
8,156000
8,162000
8,90000
8,73000
8,100000
8,109000
8,145000
8,150000
8,110000
8,92
8,121500
8,59900
8,110000
8,113000
8,85000
8,104000
8,120000
8,118000
8,95000
8,55000
8,97335
8,85540
8,58000
8,132000
8,108000
8,145000
8,75000
8,113000
8,102000
8,102000
8,108819
8,95000
8,84000
8,97000
8,75000
8,80000
8,86000
8,68000
8,92000
8,74200
8,114500
8,65000
8,120000
8,120000
8,125000
8,80000
8,180000
8,98000
8,76500
8,117000
8,98000
8,71000
8,81519
8,125000
8,116400
8,91400
8,121000
8,90000
8,86065
8,79000
8,160750
8,52490
8,150000
8,96000
8,112000
8,99000
8,100000
8,75000
8,138000
8,92000
8,89000
8,136000
8,77140
8,130000
8,94000
8,120000
8,126000
8,60000
8,127500
8,125000
8,180600
8,100000
8,125000
8,107000
8,91000
8,82000
8,85000
8,50085
8,78000
8,91500
8,96500
8,300
8,120000
8,175000
8,90000
8,102000
8,120000
8,85000
8,150000
8,64000
8,125000
8,96000
8,290000
8,81000
8,107000
8,69000
8,115000
8,85850
8,125000
8,130000
8,98000
8,78000
8,120000
8,123000
8,111000
8,123000
8,83000
8,130000
8,103000
8,110724
8,80000
8,54000
8,105000
8,145000
8,105000
8,85488
8,88000
8,95000
8,95000
8,133000
8,430000
8,105000
8,112000
8,100420
8,113500
8,150000
8,95000
8,130000
8,85000
8,68475
8,90000
8,98000
8,100000
8,140000
8,110000
8,95000
8,103500
8,135000
8,138000
8,195000
8,79150
8,66000
8,97000
8,128000
8,100000
8,54000
8,122800
8,100000
8,125000
8,112000
8,65000
8,115000
8,106500
8,127000
8,124000
8,125000
8,65000
8,88000
8,122000
8,100000
8,110000
8,90000
8,90000
8,46950
8,120000
8,97000
8,74000
8,129000
8,145000
8,151000
8,66000
8,120000
8,117000
8,1450000
8,62000
8,105000
8,85000
8,121000
8,65995
8,71000
8,102500
8,107000
8,90000
7,81000
7,40000
7,110000
7,90000
7,115000
7,115000
7,33000
7,115000
7,63000
7,78250
7,58665
7,97088
7,80000
7,142000
7,77800
7,45000
7,30314
7,1100
7,75000
7,69000
7,24000
7,50000
7,112000
7,88000
7,100000
7,40000
7,44000
7,68000
7,22000
7,43000
7,33500
7,25000
7,49500
7,100000
7,105000
7,21000
7,88000
7,89000
7,72000
7,77000
7,120000
7,50420
7,104000
7,135000
7,130000
7,111300
7,95000
7,96578
7,50000
7,72500
7,61000
7,137000
7,110000
7,110000
7,106000
7,93000
7,30000
7,175000
7,84154
7,140000
7,69000
7,116000
7,75000
7,83000
7,80000
7,135000
7,108000
7,95000
7,140000
7,116000
7,101000
7,115000
7,3600
7,62000
7,113000
7,115000
7,126000
7,65500
7,92000
7,105000
7,76500
7,142500
7,94000
7,90000
7,67000
7,112000
7,64186
7,24000
7,70000
7,24000
7,10000
7,41000
7,67789
7,140000
7,58000
7,72000
7,69000
7,96600
7,57000
7,85000
7,97500
7,35500
7,125000
7,48000
7,105000
7,125000
7,78750
7,102000
7,153000
7,101000
7,150000
7,160000
7,45
7,107000
7,70000
7,80000
7,72000
7,60090
7,102960
7,35000
7,131000
7,95000
7,90000
7,47000
7,114000
7,35000
7,126000
7,35398
7,120000
7,68000
7,155000
7,69000
7,69000
7,110400
7,96000
7,105000
7,80000
7,130000
7,80000
7,94000
7,45000
7,115000
7,74000
7,61800
7,83232
7,112000
7,60000
7,98000
7,170000
7,15000
7,100000
7,71000
7,48000
7,32000
7,18000
7,120000
7,135000
7,30000
7,121000
7,140000
7,84000
7,50000
7,73000
7,167250
7,65750
7,53000
7,95000
7,77000
7,111000
7,121368
7,105000
7,95000
7,105000
7,156000
7,49000
7,60000
7,95000
7,115000
7,23000
7,90000
7,85000
7,65000
7,36549
7,89000
7,108000
7,40000
7,120000
7,67000
7,80000
7,65000
7,95000
7,140000
7,101000
7,172000
7,63600
7,21000
7,67000
7,46000
7,65000
7,175000
7,100000
7,98000
7,82000
7,80000
7,145000
7,155000
7,85000
7,130000
7,120000
7,105000
7,121000
7,83000
7,128000
7,120000
7,65000
7,47000
7,108000
7,109000
7,95000
7,35800
7,94000
7,95000
7,50000
7,135000
7,78000
7,77000
7,100646
7,87000
7,138000
7,55000
7,70000
7,90000
7,47000
7,140000
7,140000
7,32800
7,97000
7,80000
7,86700
7,110000
7,90000
7,92822
7,78000
7,50000
7,58000
7,90000
7,126000
7,105000
7,140000
7,112000
7,148000
7,95000
7,67275
7,51500
7,64000
7,135000
7,95000
7,122000
7,31017
7,114300
7,58000
7,110154
7,72000
7,110000
7,28800
7,38000
7,88000
7,155000
7,58560
7,105000
7,51000
7,60000
7,45000
7,80000
7,110000
7,76000
7,42204
7,20290
7,15000
7,39000
7,59000
7,94500
7,132000
7,128825
7,52000
7,90500
7,133000
7,81000
7,155000
7,25000
7,65000
7,107000
7,60000
7,120000
7,108000
7,73000
7,90000
7,102000
7,125000
7,45700
7,105000
7,102000
7,120000
7,125000
7,121807
7,115000
7,11745
7,61800
7,79000
7,110000
7,93500
7,80000
7,88833
7,110000
7,55000
7,143200
7,110000
7,200000
7,125000
7,90000
7,100000
7,225000
7,65000
7,35000
7,25000
7,70000
7,70000
7,129000
7,49000
7,56173
7,23300
7,59000
7,65400
7,250000
7,47000
7,36899
7,20000
7,8000
7,80000
7,51284
7,75000
7,102000
7,100000
7,85000
7,81100
7,73000
7,70000
7,69000
7,100000
7,95000
7,120000
7,127500
7,103000
7,97500
7,88000
7,145000
7,134000
7,101000
7,110000
7,158000
7,86000
7,110000
7,125000
7,39000
7,102000
7,74000
7,85000
7,70000
7,126000
7,135000
7,142000
7,71500
7,80000
7,40000
7,94000
7,48000
7,120000
7,66000
7,157000
7,72000
7,10073
7,50000
7,101000
7,100000
7,46000
7,85000
7,118000
7,40000
7,113842
7,77000
7,135000
7,110000
7,87500
7,95000
7,38000
7,45000
7,160000
7,48000
7,35000
7,57000
7,72730
7,48000
7,57000
7,95000
7,48526
7,21244
7,60000
7,39000
7,110000
7,10900
7,72000
7,37000
7,138000
7,52000
7,96500
7,1200
7,115000
7,82000
7,149000
7,61575
7,61000
7,135000
7,575000
7,108500
7,135000
7,55000
7,65000
7,60000
7,10256
7,114000
7,95000
7,60000
7,63000
7,145000
7,102000
7,95800
7,160000
7,81000
7,140000
7,139000
7,95000
7,81000
7,75000
7,62000
7,113000
6,73000
6,68000
6,115000
6,3000
6,69000
6,99000
6,101000
6,103000
6,111000
6,91000
6,67000
6,68000
6,48000
6,52500
6,100000
6,66000
6,77800
6,73000
6,70000
6,85000
6,93000
6,87000
6,108000
6,89000
6,24265
6,118000
6,115000
6,67000
6,70000
6,134000
6,130000
6,99000
6,86000
6,76200
6,94000
6,61773
6,118000
6,93000
6,150000
6,90000
6,102500
6,97500
6,67000
6,87992
6,26000
6,102000
6,29000
6,35000
6,23160
6,129000
6,110000
6,56000
6,145000
6,93000
6,79500
6,142000
6,57175
6,20500
6,109000
6,108000
6,148000
6,84000
6,75500
6,2000
6,132000
6,70000
6,80000
6,21600
6,83000
6,140000
6,90000
6,70000
6,103000
6,40000
6,108000
6,147000
6,120000
6,36000
6,67000
6,30500
6,115000
6,135000
6,155000
6,66000
6,149000
6,48672
6,130000
6,52270
6,85000
6,105000
6,80000
6,52000
6,130000
6,110000
6,72500
6,57000
6,18000
6,69000
6,108000
6,100000
6,39000
6,85000
6,100000
6,90000
6,30000
6,46000
6,58000
6,60000
6,290000
6,98000
6,103276
6,100000
6,44636
6,153000
6,48742
6,37000
6,50920
6,41000
6,38000
6,58500
6,100000
6,21000
6,90000
6,51000
6,52970
6,11014
6,41200
6,52000
6,48000
6,70000
6,51000
6,103000
6,65000
6,25000
6,12600
6,1050
6,1467
6,11029
6,55000
6,19800
6,100000
6,92000
6,97500
6,72000
6,128000
6,125000
6,115000
6,119000
6,36850
6,132000
6,112000
6,88000
6,123000
6,25000
6,70000
6,130000
6,128000
6,250000
6,45000
6,73000
6,210000
6,100000
6,116000
6,55000
6,89000
6,86000
6,43000
6,110000
6,129000
6,105000
6,94000
6,103000
6,70000
6,70863
6,106000
6,105000
6,135000
6,135000
6,172000
6,72170
6,55000
6,64000
6,55000
6,60000
6,61000
6,52000
6,67000
6,135000
6,65000
6,129000
6,162000
6,132000
6,91500
6,70000
6,26500
6,85000
6,80000
6,123000
6,100000
6,119071
6,9000
6,104000
6,113000
6,35000
6,65000
6,126000
6,69882
6,105000
6,120000
6,54000
6,92000
6,44000
6,95000
6,74000
6,155000
6,118000
6,80000
6,100000
6,115000
6,89000
6,125000
6,87000
6,92100
6,125000
6,85000
6,95000
6,140000
6,65000
6,84000
6,50000
6,125000
6,200000
6,78245
6,115000
6,106700
6,92500
6,100000
6,73000
6,30000
6,94200
6,104000
6,95800
6,55000
6,123000
6,36675
6,150000
6,85000
6,20000
6,122000
6,91000
6,117000
6,78000
6,63000
6,133000
6,96000
6,144000
6,60000
6,75000
6,120000
6,93000
6,100000
6,185000
6,30000
6,125000
6,178000
6,81723
6,52000
6,60500
6,98000
6,32000
6,49000
6,100000
6,70000
6,66000
6,117500
6,75000
6,100000
6,64460
6,80000
6,69000
6,66000
6,73000
6,150000
6,60000
6,33500
6,115000
6,58368
6,400000
6,66000
6,51000
6,97000
6,26000
6,118000
6,35357
6,86000
6,80000
6,49000
6,75000
6,95185
6,108000
6,100000
6,59000
6,80000
6,63000
6,200000
6,100000
6,120000
6,65000
6,49000
6,100000
6,55000
6,178000
6,77250
6,125000
6,100318
6,78000
6,18000
6,154000
6,98000
6,97000
6,9100
6,87890
6,59000
6,55000
6,71000
6,125000
6,62000
6,115000
6,96000
6,110000
6,103000
6,112000
6,100000
6,105000
6,52000
6,46000
6,82000
6,74000
6,92000
6,78500
6,130000
6,60000
6,57000
6,87603
6,92000
6,90000
6,45408
6,135000
6,325000
6,55000
6,73000
6,122000
6,106000
6,135000
6,75000
6,95000
6,102000
6,92000
6,180000
6,49500
6,105000
6,51000
6,77500
6,120000
6,85000
6,110000
6,113000
6,49000
6,65000
6,95000
6,93000
6,112000
6,53000
6,113500
6,60782
6,140000
6,116000
6,43758
6,150000
6,64280
6,110000
6,75000
6,73800
6,80000
6,105721
6,130000
6,94000
6,110000
6,90000
6,111000
6,87500
6,90000
6,65000
6,80262
6,110000
6,69000
6,95000
6,65000
6,65000
6,59000
6,110000
6,29000
6,125000
6,104000
6,110000
6,95000
6,195000
6,107000
6,70000
6,90000
6,120000
6,105000
6,87000
6,48000
6,64300
6,90000
6,45000
6,29500
6,35000
6,130000
6,95000
6,122000
6,122000
6,100000
6,63000
6,132000
6,162000
6,155000
6,96000
6,85000
6,165000
6,80000
6,103000
6,48000
6,92500
6,145000
6,65000
6,70000
6,110000
6,85000
6,142000
6,87000
6,65000
6,48649
6,155000
6,63400
6,72000
6,40756
6,120000
6,215250
6,30415
6,113097
6,48000
6,150000
6,90000
6,91000
6,58000
6,95000
6,15000
6,34125
6,145000
6,22000
6,30000
6,131000
6,110000
6,100000
5,72000
5,95000
5,160000
5,51000
5,120000
5,122000
5,120250
5,18500
5,73000
5,160000
5,106000
5,1000000
5,38000
5,93500
5,73014
5,105000
5,135000
5,95000
5,131000
5,65000
5,115000
5,70000
5,55000
5,85000
5,100000
5,95000
5,132000
5,123200
5,80000
5,20000
5,65000
5,70000
5,33500
5,92500
5,120000
5,109000
5,68000
5,50000
5,60000
5,36000
5,130000
5,105000
5,69000
5,128000
5,75600
5,66500
5,66000
5,71000
5,82000
5,93000
5,130000
5,135000
5,105000
5,78000
5,102000
5,19085
5,50000
5,85000
5,110000
5,105000
5,103000
5,95000
5,120000
5,66000
5,60000
5,100000
5,84000
5,85000
5,110000
5,130000
5,130000
5,167000
5,111300
5,145000
5,88500
5,73000
5,128000
5,45300
5,250000
5,143000
5,93000
5,110000
5,50000
5,27880
5,90000
5,111000
5,115000
5,92000
5,72000
5,95000
5,90000
5,102500
5,98000
5,110000
5,77000
5,106000
5,100000
5,110000
5,85000
5,62000
5,101000
5,90000
5,120000
5,64480
5,72000
5,109000
5,144000
5,100000
5,110000
5,30000
5,92500
5,85000
5,52742
5,125000
5,103000
5,130000
5,105000
5,150000
5,17250
5,105000
5,53000
5,63000
5,87000
5,130000
5,65000
5,72000
5,120000
5,111000
5,61000
5,36000
5,110000
5,68000
5,175000
5,90000
5,65000
5,36000
5,90000
5,115000
5,130000
5,84000
5,102000
5,120000
5,130000
5,70788
5,73000
5,110000
5,99000
5,70000
5,45000
5,150000
5,70000
5,127000
5,108000
5,52500
5,140000
5,80000
5,96000
5,170000
5,90000
5,143000
5,95000
5,95000
5,43701
5,62000
5,120000
5,41535
5,115000
5,73000
5,105000
5,72000
5,368900
5,126000
5,60000
5,74000
5,65000
5,80000
5,118111
5,79000
5,92950
5,70000
5,51800
5,130000
5,118000
5,130000
5,130000
5,82500
5,74000
5,72000
5,115000
5,100500
5,57000
5,87000
5,62500
5,136000
5,68950
5,39000
5,58000
5,65000
5,71000
5,96000
5,98750
5,100000
5,70000
5,98000
5,75000
5,72000
5,80000
5,102000
5,103000
5,75000
5,90000
5,120000
5,70000
5,101000
5,116400
5,60000
5,99000
5,175000
5,3000
5,28000
5,91000
5,109000
5,98000
5,104000
5,82000
5,86000
5,100000
5,104000
5,73757
5,86000
5,134000
5,100400
5,135000
5,129000
5,176000
5,60000
5,130000
5,60000
5,91484
5,109000
5,82000
5,121500
5,73000
5,220000
5,44000
5,105000
5,92000
5,103000
5,125000
5,195000
5,90000
5,95500
5,111500
5,95000
5,86000
5,88000
5,95000
5,135000
5,108000
5,78000
5,79000
5,105000
5,98000
5,110000
5,156000
5,80000
5,92425
5,80000
5,45000
5,90000
5,63150
5,62000
5,110000
5,115000
5,73000
5,74000
5,162000
5,60000
5,103000
5,88000
5,26400
5,121000
5,65000
5,135000
5,65000
5,43800
5,110000
5,72000
5,125000
5,110000
5,98000
5,785000
5,127500
5,100000
5,92000
5,72000
5,105000
5,112000
5,113000
5,92000
5,85000
5,36500
5,91400
5,107000
5,74000
5,38500
5,98000
5,148000
5,80000
5,72000
5,68000
5,93500
5,50000
5,98304
5,50500
5,40000
5,100000
5,50000
5,120000
5,100000
5,125000
5,80000
5,80000
5,20000
5,85000
5,75000
5,66000
5,66900
5,89000
5,51101
5,57000
5,55000
5,117000
5,139000
5,64000
5,100000
5,56000
5,121000
5,54786
5,55000
5,48699
5,35000
5,60000
5,40300
5,70000
5,66000
5,48000
5,73000
5,30000
5,134000
5,50000
5,63000
5,42500
5,54000
5,10000
5,46000
5,103000
5,53300
5,38000
5,65000
5,62500
5,60000
5,60750
5,59000
5,81000
5,37619
5,60000
5,40000
5,133615
5,85000
5,55000
5,133000
5,63000
5,85232
5,73000
5,43468
5,45000
5,68000
5,54000
5,61000
5,59000
5,85000
5,79300
5,84000
5,32000
5,58430
5,58000
5,70000
5,90000
5,75500
5,34000
5,107000
5,65000
5,59000
5,55000
5,100000
5,76450
5,52382
5,111000
5,19000
5,62109
5,57000
5,37500
5,50000
5,65723
5,32000
5,120000
5,122000
5,92000
5,14500
5,30000
5,65000
5,68000
5,51000
5,54000
5,136000
5,42150
5,28000
5,82000
5,77000
5,25000
5,35000
5,56000
5,75000
5,66999
5,108000
5,60000
5,64000
5,61000
5,50000
5,24000
5,15500
5,68000
5,40000
5,30000
5,62000
5,70800
5,50000
5,105000
5,430
5,74500
5,80000
5,72000
5,45000
5,7473
5,85600
5,104000
5,61000
5,62250
5,20000
5,95000
5,130000
5,5000
5,75000
5,73000
5,165227
5,117000
5,57740
5,68000
5,82500
5,85000
5,73000
5,11500
5,63000
5,51000
5,120000
5,48000
5,65000
5,100000
5,73000
5,51000
5,67000
5,71000
5,105000
5,67000
5,43000
5,70000
5,37400
5,80000
5,8500
5,90000
5,75000
5,43000
5,27049
5,76000
5,115000
5,62000
5,26000
5,95000
5,32000
5,65500
5,55000
5,115000
5,73000
5,100000
5,42000
5,112000
5,82000
5,175000
5,96000
5,73000
5,100000
5,120000
5,95138
5,160000
5,49000
5,106000
5,65000
5,80000
5,43000
5,115000
5,24000
5,86000
5,115000
5,42000
5,133000
5,150000
5,100000
5,77000
5,130000
5,174000
5,30000
5,41771
5,53000
5,78000
5,110000
5,13000
5,130000
5,50000
5,105000
5,108000
5,165000
5,130000
5,76500
5,83000
5,103000
5,85000
5,163000
5,40000
5,180000
5,116000
5,89000
5,73000
5,61000
5,135000
5,98000
5,105000
5,95000
5,170000
5,86000
5,122000
5,196000
5,106000
5,74000
5,109000
5,140000
5,90000
5,115000
5,63000
5,39566
5,100000
5,105000
5,52000
5,107000
5,130000
5,69000
5,93000
5,130000
5,135000
5,68000
5,38000
5,48000
5,71300
5,43000
5,85000
5,37000
5,61475
5,20000
5,18200
5,13455
5,62000
5,30500
5,40500
5,120000
5,92000
5,112500
5,102000
5,105000
5,25000
5,115000
5,60000
5,137000
5,104000
5,126800
5,60000
5,83000
5,112000
5,60000
5,55700
5,101000
5,55300
5,118000
5,127000
5,160000
5,102000
5,123000
5,85900
5,180000
5,175000
5,11000
5,220000
5,142000
5,115000
5,143000
5,210000
5,65000
5,61900
5,300000
5,25000
5,108000
5,87400
5,81000
5,130000
5,30500
5,77000
5,29000
5,70000
5,85000
5,185000
5,125000
5,67000
5,63000
5,125000
4,72500
4,18000
4,24000
4,90000
4,160000
4,108000
4,57000
4,111000
4,92000
4,59700
4,92000
4,108000
4,125000
4,180000
4,65000
4,78000
4,109000
4,100000
4,101000
4,72000
4,123000
4,126500
4,53000
4,80000
4,55000
4,100000
4,165000
4,127000
4,75000
4,130000
4,104300
4,93000
4,28500
4,135000
4,64000
4,15000
4,75000
4,84000
4,67080
4,87000
4,102000
4,125000
4,61000
4,134000
4,64000
4,85000
4,65000
4,59009
4,48000
4,125000
4,96000
4,124000
4,62000
4,78000
4,180000
4,82000
4,88000
4,98000
4,58000
4,140000
4,135000
4,38000
4,100000
4,56000
4,73000
4,200000
4,60000
4,125000
4,111000
4,50000
4,120000
4,87000
4,68000
4,95000
4,103000
4,105000
4,91000
4,115000
4,65000
4,60000
4,61000
4,79750
4,69000
4,74400
4,85000
4,59000
4,72000
4,80000
4,65000
4,24000
4,78500
4,103000
4,65000
4,80000
4,88000
4,130000
4,20000
4,104000
4,72500
4,68000
4,73000
4,96000
4,75000
4,40545
4,120000
4,64000
4,43000
4,125000
4,110000
4,115600
4,84000
4,120000
4,65000
4,51000
4,57000
4,74351
4,110000
4,90000
4,101000
4,106500
4,21600
4,95000
4,140000
4,103000
4,76000
4,92000
4,180000
4,132000
4,90000
4,90000
4,45000
4,90000
4,175000
4,130000
4,55399
4,135000
4,72000
4,131000
4,68000
4,101000
4,17647
4,54000
4,124000
4,90000
4,110000
4,80000
4,42400
4,135000
4,61000
4,75000
4,125000
4,65000
4,155000
4,80000
4,110000
4,140000
4,80000
4,133000
4,30000
4,66300
4,95000
4,60000
4,145000
4,27260
4,112000
4,55000
4,240000
4,120000
4,84500
4,98000
4,71000
4,40000
4,20000
4,103000
4,135000
4,63000
4,96500
4,77000
4,70000
4,143000
4,44000
4,74000
4,140000
4,145000
4,225000
4,95000
4,116000
4,50000
4,87000
4,36500
4,42000
4,100000
4,49000
4,98000
4,101500
4,130271
4,85000
4,115000
4,95000
4,132000
4,141000
4,85000
4,117000
4,106300
4,105000
4,87000
4,47000
4,75000
4,8000
4,135000
4,82000
4,60477
4,42000
4,72000
4,105000
4,49000
4,65500
4,108000
4,48119
4,98000
4,66000
4,62000
4,27000
4,130000
4,93000
4,53500
4,105000
4,70000
4,8200
4,72000
4,100000
4,120000
4,105000
4,61000
4,103000
4,15500
4,85000
4,44000
4,14000
4,545
4,4118
4,100000
4,115000
4,95000
4,27000
4,40000
4,40000
4,40000
4,250000
4,85000
4,85000
4,27280
4,20000
4,80000
4,31650
4,100000
4,12000
4,38940
4,40000
4,35577
4,57000
4,34375
4,77947
4,10000
4,40000
4,101500
4,21350
4,70500
4,42109
4,39616
4,40000
4,100000
4,80000
4,20484
4,90000
4,50000
4,7650
4,27000
4,70000
4,36000
4,59401
4,80000
4,55000
4,71000
4,38404
4,47000
4,63000
4,66000
4,60000
4,118000
4,85000
4,31000
4,63176
4,48000
4,78000
4,75000
4,55700
4,80000
4,19000
4,65642
4,22000
4,55730
4,105000
4,51000
4,50000
4,100000
4,66400
4,68000
4,46300
4,49000
4,24000
4,30000
4,75000
4,55000
4,59000
4,37166
4,68000
4,60000
4,140000
4,40000
4,34000
4,52000
4,69000
4,60000
4,42500
4,50000
4,61000
4,40000
4,79240
4,89167
4,200000
4,55712
4,76500
4,39000
4,28739
4,11000
4,61000
4,50000
4,100000
4,65000
4,60300
4,65000
4,12600
4,45000
4,41333
4,25000
4,68000
4,22941
4,63500
4,11119
4,118838
4,56000
4,25500
4,66000
4,70000
4,170000
4,131000
4,56200
4,6200
4,7515
4,60000
4,65000
4,60000
4,29000
4,1250
4,77000
4,1600
4,44000
4,18000
4,140000
4,59000
4,250000
4,42000
4,29200
4,55000
4,11000
4,66600
4,72000
4,79000
4,60000
4,100000
4,51500
4,135000
4,117600
4,120000
4,176000
4,14000
4,5500
4,253000
4,54500
4,4420
4,48500
4,120000
4,30500
4,11300
4,4423
4,80000
4,120000
4,53000
4,61000
4,65000
4,71000
4,200000
4,22000
4,130000
4,36000
4,132000
4,90000
4,102000
4,103000
4,83000
4,31300
4,168000
4,12000
4,135000
4,169000
4,95000
4,110000
4,60000
4,100000
4,40000
4,130000
4,103000
4,100000
4,120000
4,84000
4,25000
4,90000
4,85000
4,136000
4,140000
4,145000
4,85000
4,86000
4,85000
4,134000
4,120000
4,60000
4,120000
4,113500
4,110000
4,74104
4,106000
4,127000
4,120000
4,180000
4,65000
4,88000
4,115000
4,195000
4,104500
4,77056
4,54000
4,70000
4,52000
4,124000
4,45000
4,118500
4,69508
3,110000
3,55000
3,68000
3,64000
3,75000
3,107540
3,106000
3,76000
3,100000
3,125000
3,170000
3,57800
3,108000
3,130000
3,85000
3,55000
3,147000
3,175000
3,145000
3,100000
3,100000
3,120000
3,133000
3,82000
3,196000
3,132000
3,112000
3,75000
3,112000
3,120000
3,55000
3,130000
3,120000
3,101400
3,90000
3,120000
3,70000
3,20000
3,95000
3,60000
3,118000
3,90000
3,106000
3,160000
3,121950
3,67902
3,72450
3,49000
3,116000
3,72000
3,129000
3,120000
3,80080
3,120000
3,105000
3,140000
3,71807
3,68000
3,1450000
3,70000
3,100000
3,80000
3,123000
3,120000
3,84000
3,55000
3,94000
3,65000
3,140000
3,163000
3,50000
3,200000
3,58000
3,158000
3,100000
3,54000
3,84000
3,60000
3,55000
3,86000
3,100000
3,78760
3,13000
3,77500
3,89000
3,110000
3,74000
3,65000
3,105000
3,75720
3,75000
3,135000
3,44000
3,170000
3,70800
3,80000
3,115000
3,125000
3,130000
3,135000
3,130000
3,73000
3,72000
3,105000
3,92000
3,95000
3,50000
3,72000
3,50000
3,105000
3,99000
3,102000
3,50000
3,95000
3,13500
3,95000
3,125000
3,124600
3,70000
3,101000
3,49900
3,77000
3,75000
3,115000
3,92000
3,133500
3,142000
3,85000
3,45000
3,23000
3,125000
3,91300
3,88000
3,100000
3,62000
3,120000
3,131000
3,135000
3,100000
3,93000
3,105000
3,36000
3,75000
3,97000
3,74000
3,88000
3,120000
3,85661
3,75000
3,71000
3,175000
3,103000
3,48000
3,74000
3,105000
3,85000
3,115000
3,103000
3,112000
3,105000
3,123000
3,68255
3,66000
3,75000
3,103000
3,88000
3,115000
3,60000
3,73724
3,80000
3,100000
3,142000
3,85000
3,110000
3,125000
3,26300
3,17500
3,110000
3,85000
3,72000
3,83000
3,151000
3,100000
3,84000
3,108500
3,75000
3,90000
3,158000
3,93000
3,156000
3,55000
3,70000
3,27000
3,125000
3,93125
3,67000
3,145000
3,110000
3,130000
3,106000
3,60438
3,65000
3,103250
3,116000
3,110073
3,36400
3,112000
3,120000
3,92000
3,130000
3,90000
3,130000
3,74000
3,80751
3,130000
3,150000
3,106000
3,85000
3,68081
3,113000
3,100000
3,115000
3,66000
3,113000
3,125000
3,52898
3,131000
3,120000
3,87500
3,108000
3,125000
3,85000
3,88000
3,88000
3,62000
3,29148
3,75000
3,63000
3,134000
3,189000
3,92000
3,110000
3,43000
3,34000
3,125000
3,139000
3,130000
3,300000
3,94000
3,60000
3,76000
3,100000
3,45000
3,97000
3,73745
3,77250
3,73000
3,100000
3,160000
3,55000
3,135000
3,110000
3,63000
3,45000
3,135000
3,135000
3,145000
3,142000
3,115000
3,77200
3,72000
3,110000
3,116000
3,88580
3,97000
3,105750
3,115000
3,130000
3,8400
3,46000
3,92600
3,69000
3,23500
3,137000
3,110000
3,136000
3,95500
3,104000
3,76000
3,86000
3,140000
3,72000
3,74500
3,85000
3,107000
3,103000
3,140000
3,91000
3,143000
3,86650
3,108000
3,110000
3,95000
3,42000
3,114000
3,135900
3,125000
3,76000
3,110000
3,78852
3,89000
3,35000
3,115000
3,107000
3,125000
3,40000
3,90000
3,36000
3,135000
3,90000
3,47500
3,130000
3,94500
3,95000
3,100000
3,147500
3,139000
3,112500
3,65000
3,130000
3,110000
3,100000
3,114700
3,108000
3,110000
3,133000
3,85000
3,6700
3,97325
3,87000
3,117000
3,68310
3,30000
3,40000
3,112000
3,93000
3,110000
3,160000
3,123000
3,245000
3,127500
3,102000
3,64750
3,83000
3,84000
3,95000
3,90000
3,108500
3,48000
3,101000
3,130000
3,112000
3,91000
3,130750
3,89000
3,148000
3,70000
3,125250
3,73000
3,122000
3,80000
3,120000
3,106000
3,66500
3,71500
3,30000
3,115000
3,110000
3,56000
3,110000
3,70000
3,140000
3,43000
3,100000
3,134000
3,96000
3,106000
3,106400
3,49000
3,3900
3,120000
3,25000
3,49260
3,127000
3,69000
3,70000
3,137000
3,62391
3,79509
3,137000
3,105000
3,97000
3,110000
3,100000
3,135000
3,150000
3,60000
3,80000
3,100000
3,75000
3,57000
3,225000
3,95000
3,47000
3,118400
3,20000
3,40000
3,103000
3,90756
3,60000
3,100000
3,121000
3,76650
3,125000
3,95000
3,130000
3,272000
3,36000
3,134400
3,90000
3,78000
3,100000
3,76800
2,70000
2,84000
2,84000
2,64000
2,95000
2,65000
2,92000
2,115600
2,85000
2,110000
2,115000
2,95000
2,70000
2,115000
2,63500
2,127000
2,86000
2,126000
2,120000
2,124000
2,137500
2,150000
2,82000
2,100000
2,16000
2,90000
2,42500
2,123847
2,145493
2,99000
2,125000
2,109000
2,70000
2,90000
2,83000
2,60000
2,81000
2,102500
2,56140
2,93000
2,115000
2,70000
2,95000
2,86000
2,92000
2,35000
2,40100
2,87491
2,77850
2,84000
2,103000
2,190000
2,110000
2,110000
2,72000
2,100000
2,80000
2,87360
2,102000
2,110000
2,95000
2,115000
2,105000
2,127500
2,105000
2,99220
2,66000
2,171000
2,55000
2,115000
2,180000
2,145000
2,67418
2,135000
2,60000
2,98670
2,85000
2,40000
2,118000
2,95000
2,86735
2,40000
2,125000
2,48000
2,12000
2,120000
2,150000
2,84000
2,120000
2,156000
2,150000
2,65000
2,165000
2,125000
2,145000
2,110000
2,122000
2,150000
2,130000
2,65000
2,120000
2,74424
2,129000
2,160000
2,66000
2,90000
2,70000
2,150000
2,119000
2,140000
2,87100
2,96000
2,102000
2,78000
2,120000
2,53500
2,63000
2,125000
2,74000
2,170000
2,77000
2,117500
2,39000
2,53343
2,160000
2,120000
2,150000
2,123000
2,62500
2,59000
2,125000
2,85000
2,95000
2,81000
2,105000
2,123000
2,84000
2,81000
2,110000
2,115000
2,112874
2,98500
2,137000
2,90000
2,106000
2,110000
2,55670
2,75000
2,112350
2,47000
2,86000
2,120000
2,89500
2,100000
2,47450
2,120000
2,90000
2,110000
2,100000
2,120000
2,145000
2,100000
2,56000
2,82000
2,40000
2,102000
2,125000
2,75000
2,145000
2,20000
2,130000
2,99257
2,88000
2,60000
2,104500
2,94000
2,75000
2,91520
2,115000
2,90000
2,40000
2,69725
2,88000
2,84048
2,77000
2,40000
2,62000
2,92500
2,105000
2,120000
2,110000
2,137000
2,120000
2,120000
2,95000
2,90000
2,90000
2,102000
2,73000
2,97000
2,115000
2,119000
2,82000
2,100000
2,77000
2,92000
2,98800
2,103000
2,93500
2,102000
2,115544
2,108000
2,155000
2,130000
2,148000
2,57512
2,127500
2,136000
2,115000
2,65000
2,146000
2,98000
2,65000
2,200000
2,115000
2,20000
2,111214
2,62666
2,90000
2,98600
2,120000
2,64500
2,155000
2,129780
2,102000
2,110000
2,120000
2,47414
2,55908
2,85000
2,120000
2,120000
2,142500
2,115000
2,90000
2,75000
2,80000
2,39000
2,55600
2,57500
2,92000
2,105000
2,76000
2,87000
2,81000
2,140000
2,91000
2,75000
2,98000
2,96000
2,90000
2,130000
2,120000
2,92000
2,80939
2,120000
2,100000
2,92000
2,85000
2,58000
2,149000
2,130500
2,41000
2,100000
2,120000
2,105000
2,84826
2,103900
2,53000
2,120000
2,120000
2,91000
2,108250
2,60000
2,80000
2,125000
2,110000
2,125000
2,122000
2,135000
2,116000
2,153000
2,65000
2,29000
2,47240
2,113000
2,155000
2,110000
2,132000
2,98000
2,85000
2,125000
2,70400
2,200000
2,71594
2,124800
2,62000
2,110000
2,110000
2,109000
2,147000
2,117000
2,110000
2,40000
2,145000
2,100000
2,55845
2,142000
2,115000
2,55800
2,73000
2,81000
2,95000
2,96108
2,165000
2,95000
2,102000
2,123634
2,113300
2,118500
2,100000
2,110000
2,117000
2,102000
2,59000
2,135000
2,138000
2,107000
2,100000
2,125000
2,125000
2,104000
2,116000
1,135000
1,108000
1,84000
1,105000
1,93000
1,300000
1,64775
1,130000
1,270000
1,70000
1,65000
1,125000
1,90000
1,100000
1,95000
1,116000
1,52970
1,145000
1,93500
1,60900
1,110000
1,158000
1,116000
1,90000
1,89035
1,93800
1,160000
1,125000
1,100282
1,133900
1,112000
1,62000
1,145000
1,35000
1,120792
1,119000
1,92000
1,70000
1,83599
1,105000
1,90000
1,65000
1,94000
1,225000
1,93000
1,91800
1,90000
1,115000
1,97500
1,80000
1,50750
1,113000
1,95000
1,130000
1,180000
1,123300
1,8300
1,53000
1,110000
1,80000
1,10000
1,110000
1,67000
1,96000
1,118000
1,90000
1,12900
1,120000
1,120000
1,120000
1,80000
1,100000
1,12300
1,12000
1,120000
1,70000
1,112500
1,14000
1,92000
1,25500
1,103110
1,46000
1,26000
1,122000
1,100000
1,95500
1,134000
1,111000
1,85000
1,97000
1,93000
1,17647
1,165000
1,62000
1,88000
1,88900
1,115000
1,130000
1,96000
1,75000
1,63500
1,15000
1,75000
1,132725
1,120000
1,138500
1,90000
1,104000
1,65000
1,100000
1,98000
1,40000
1,7968
1,130000
1,45000
1,115000
1,125000
1,64000
1,21000
1,147000
1,160000
1,80000
1,105000
1,63000
1,117832
1,49124
1,48000
1,157000
1,80000
1,270000
1,115000
1,63000
1,90000
1,57000
1,105000
1,130000
1,100000
1,125000
1,50400
1,105000
1,35000
1,116000
1,27000
1,113000
1,96000
1,91000
1,40000
1,49289
1,50600
1,45000
1,40000
1,82000
1,95000
1,85000
1,16666
1,61606
1,42000
1,12000
1,47000
1,35900
1,65388
1,88130
1,70000
1,95000
1,85000
1,90000
1,37669
1,72000
1,45000
1,85000
1,99000
1,72000
1,88000
1,50000
1,115000
1,93000
1,78000
1,44278
1,99000
1,87000
1,125000
1,140000
1,30798
1,115000
1,95000
1,93000
1,64000
1,300000
1,115000
1,130000
1,15000
1,10000
1,121000
1,95000
1,58000
1,141000
1,95000
1,85155
1,66000
1,117000
1,129000
1,67000
1,125000
1,72000
1,120000
1,200000
1,78000
1,94000
1,107000
1,23000
1,98517
1,70850
1,86006
1,70000
1,55000
1,60000
1,82000
1,81000
1,67770
1,65000
1,70760
1,150000
1,60000
1,116000
1,98000
1,98000
1,51000
1,98000
1,99000
1,41900
1,104000
1,85000
1,105000
1,26500
1,17621
1,97500
1,120000
1,113400
1,175000
1,90000
1,55000
1,50000
1,99000
1,72800
1,40000
1,110000
1,138000
1,23000
1,140000
1,46000
1,77600
1,95000
1,145000
1,120000
1,122500
1,67000
1,133000
1,200000
1,165000
1,29511
1,140000
1,84000
1,107000
1,107690
1,95000
1,52000
1,74000
1,102000
1,133500
1,80000
1,40000
1,113000
1,148000
1,100800
1,123000
1,78000
1,45000
1,83000
0,101750
0,66000
0,90000
0,96000
0,85000
0,63000
0,137500
0,60000
0,37500
0,51652
0,41000
0,47000
0,75000
0,215000
0,35000
0,56000
0,95000
0,61515
0,200000
